meanfreq	label
0.059780985	male
0.0660087404	male
0.0773155027	male
0.1512280917	male
0.1351203873	male
0.1327864073	male
0.1507623302	male
0.1605143322	male
0.1422394168	male
0.1343287773	male
0.1570205111	male
0.1385505214	male
0.1373427419	male
0.1812254594	male
0.1831152807	male
0.1742721052	male
0.1908462977	male
0.1712469713	male
0.1683459462	male
0.1736313761	male
0.1727542872	male
0.1810153938	male
0.1635358535	male
0.1702127975	male
0.1604224765	male
0.164699838	male
0.1695788014	male
0.1690210039	male
0.1673402387	male
0.1805278214	male
0.1530390476	male
0.1666594988	male
0.1756594288	male
0.1748257333	male
0.1740646137	male
0.1595304912	male
0.1676483614	male
0.1724363859	male
0.1629811157	male
0.1702098476	male
0.1714008073	male
0.1468861537	male
0.1667637855	male
0.1536918606	male
0.1680113386	male
0.1482813826	male
0.1585959554	male
0.1636431816	male
0.1586569254	male
0.1378928201	male
0.1427155853	male
0.1350529139	male
0.1414607603	male
0.1412801152	male
0.1538512034	male
0.1456407047	male
0.1448584069	male
0.1216833626	male
0.1356499321	male
0.1003994171	male
0.125087547	male
0.1434861622	male
0.1431968299	male
0.1455323814	male
0.1620654293	male
0.1429612328	male
0.1411534471	male
0.1673340353	male
0.1678503123	male
0.1850984387	male
0.1677615378	male
0.1710935017	male
0.1670830539	male
0.2008301454	male
0.1370956433	male
0.1903245629	male
0.1871394535	male
0.1843548693	male
0.200041812	male
0.1756818678	male
0.1848508968	male
0.1826301353	male
0.1964632623	male
0.1913109154	male
0.1960060205	male
0.1914616823	male
0.1937693472	male
0.1949209248	male
0.1938081888	male
0.1935889974	male
0.1982953559	male
0.1987780459	male
0.2063122354	male
0.1177777029	male
0.1057820275	male
0.1070093638	male
0.1190063032	male
0.0825255879	male
0.1306736384	male
0.0967252773	male
0.119976656	male
0.1068608422	male
0.1009055024	male
0.1695057587	male
0.1633131061	male
0.1609253349	male
0.1648599474	male
0.1774276982	male
0.176685284	male
0.1790289255	male
0.166353449	male
0.1737567832	male
0.1680232678	male
0.1693525332	male
0.130410979	male
0.1167790753	male
0.1071618899	male
0.1310997267	male
0.1261948029	male
0.1071298828	male
0.1648013315	male
0.1748428575	male
0.1649588454	male
0.162515085	male
0.1723464003	male
0.1677051282	male
0.1686225399	male
0.1664021265	male
0.169081838	male
0.160199487	male
0.2008147277	male
0.2086769747	male
0.2149564448	male
0.2114849961	male
0.2069243199	male
0.1078252108	male
0.1158662331	male
0.1132033533	male
0.0851506135	male
0.115618688	male
0.113315913	male
0.1192133173	male
0.1054930792	male
0.108456021	male
0.0998539811	male
0.1450264563	male
0.1384682767	male
0.0979150603	male
0.1364817265	male
0.1357243147	male
0.1058732306	male
0.1126365487	male
0.1162885978	male
0.11328765	male
0.1224484649	male
0.1742979116	male
0.1649734732	male
0.1658076631	male
0.1550572535	male
0.1703100111	male
0.1631800939	male
0.1617407241	male
0.1609846751	male
0.1698758112	male
0.1718292954	male
0.1689577541	male
0.1664693982	male
0.1478727706	male
0.1487424182	male
0.1386765489	male
0.1507049487	male
0.1543056357	male
0.1548118538	male
0.1671052801	male
0.1888148803	male
0.1349615881	male
0.1420102141	male
0.1410466059	male
0.1466839327	male
0.1341057206	male
0.1372950088	male
0.1419130316	male
0.1393327014	male
0.1349915711	male
0.1450208411	male
0.111692076	male
0.1334311903	male
0.1106826675	male
0.1283373499	male
0.1335948316	male
0.1284615972	male
0.118850224	male
0.1419093684	male
0.1137637158	male
0.1508624749	male
0.1373132495	male
0.1445235703	male
0.1455305704	male
0.1387946653	male
0.1490957156	male
0.1450272574	male
0.1495607658	male
0.1489743431	male
0.1599053865	male
0.1461437336	male
0.171766033	male
0.15350374	male
0.1683046112	male
0.149826808	male
0.1837928908	male
0.1491921732	male
0.1553996074	male
0.167347485	male
0.1666126811	male
0.1499925736	male
0.1731682115	male
0.1776419686	male
0.1731844061	male
0.1636684546	male
0.1855921786	male
0.1631944945	male
0.1749400144	male
0.1777020594	male
0.1886368901	male
0.1782198963	male
0.1748055372	male
0.0994244101	male
0.1240617657	male
0.1163399792	male
0.1280328825	male
0.1248826354	male
0.1365210918	male
0.2137323717	male
0.1208826255	male
0.130656208	male
0.1417692376	male
0.1108202551	male
0.1134204502	male
0.1173230883	male
0.122911112	male
0.1222178013	male
0.1201095806	male
0.1300008288	male
0.1222326961	male
0.1103106888	male
0.1084066888	male
0.1252492172	male
0.1184487428	male
0.1375233801	male
0.1200078197	male
0.1241895168	male
0.1343346194	male
0.1266255503	male
0.1303115955	male
0.1310912156	male
0.1125164904	male
0.22438235	male
0.2211018095	male
0.2191937333	male
0.22018978	male
0.2255821977	male
0.2230917475	male
0.2228585932	male
0.2250124179	male
0.2208320888	male
0.2218848931	male
0.1464796882	male
0.1503960798	male
0.1408974291	male
0.1432519178	male
0.1420180906	male
0.1459879708	male
0.1400080103	male
0.1386078826	male
0.1430602234	male
0.1514005092	male
0.1667021839	male
0.1634513955	male
0.1596838885	male
0.1667833501	male
0.1653676015	male
0.1671679983	male
0.165822739	male
0.1696752915	male
0.1650449689	male
0.1670601044	male
0.1693444541	male
0.1613933934	male
0.1769919919	male
0.1714093906	male
0.0757009859	male
0.0482540752	male
0.0596454867	male
0.0974639001	male
0.0621823119	male
0.0805712834	male
0.0793688664	male
0.0848065448	male
0.2137323717	male
0.1993205263	male
0.1986936719	male
0.201900172	male
0.2036166856	male
0.2096319597	male
0.2085806977	male
0.1953229034	male
0.1932046899	male
0.1996621528	male
0.1964175134	male
0.2063928597	male
0.1974257283	male
0.2050803714	male
0.1613857698	male
0.154383414	male
0.1526508911	male
0.1566055098	male
0.1576010847	male
0.1570132796	male
0.1550764638	male
0.1549777172	male
0.1532184801	male
0.1521325144	male
0.1544338261	male
0.1569306429	male
0.1581805837	male
0.1539003165	male
0.1539048754	male
0.1543450781	male
0.1608621821	male
0.1583738573	male
0.1546371605	male
0.1580086778	male
0.158993749	male
0.1661031141	male
0.1623908965	male
0.1640860183	male
0.1584662572	male
0.1611760076	male
0.1583001091	male
0.1527527947	male
0.147733874	male
0.145859237	male
0.1496117748	male
0.1554347	male
0.1596213737	male
0.1580401543	male
0.1605006403	male
0.1582721513	male
0.1555951806	male
0.150899012	male
0.1518364871	male
0.1553644842	male
0.1595107922	male
0.154189575	male
0.1563211756	male
0.1533817534	male
0.1467569046	male
0.1626138045	male
0.1522345731	male
0.1651556382	male
0.1677556632	male
0.1555354318	male
0.1457207642	male
0.1395830682	male
0.1451326601	male
0.1196215916	male
0.1331576312	male
0.1267350844	male
0.1271246457	male
0.1328546309	male
0.1887164314	male
0.1814949591	male
0.1922753785	male
0.2030827557	male
0.1668575557	male
0.1873910607	male
0.1940882003	male
0.1859081573	male
0.1780275673	male
0.187952069	male
0.1916954258	male
0.1897489801	male
0.1884083565	male
0.1822190213	male
0.1870547374	male
0.1767753962	male
0.153610337	male
0.1872992646	male
0.1572719865	male
0.1831416908	male
0.2013874162	male
0.1862378632	male
0.1944141685	male
0.1871144957	male
0.1809098672	male
0.1885753303	male
0.1928986681	male
0.1909703655	male
0.1870928614	male
0.1819026243	male
0.1603626083	male
0.1905263049	male
0.1830182084	male
0.1904429837	male
0.1959468406	male
0.1946106524	male
0.1936047006	male
0.186411124	male
0.1938008392	male
0.1672814207	male
0.1881003336	male
0.1860642298	male
0.1868237072	male
0.1941433416	male
0.18885973	male
0.1759291042	male
0.1932289934	male
0.1900716429	male
0.1908369098	male
0.1946394063	male
0.176457058	male
0.1992806868	male
0.1796591203	male
0.1946063128	male
0.204981834	male
0.1964252578	male
0.1909826047	male
0.1938123348	male
0.1823064586	male
0.1868980297	male
0.1896115648	male
0.1860848114	male
0.1921339716	male
0.166416082	male
0.1996145164	male
0.1294525297	male
0.1831098725	male
0.1950519226	male
0.1949837813	male
0.183124768	male
0.1865111649	male
0.1863072602	male
0.1877401264	male
0.1886105345	male
0.1871269493	male
0.1894986763	male
0.1786184093	male
0.1756141734	male
0.1947809445	male
0.1770962088	male
0.1848482965	male
0.186207925	male
0.1650264563	male
0.0858316065	male
0.0393633426	male
0.146393371	male
0.1329511817	male
0.1383537851	male
0.1717561118	male
0.1364737912	male
0.128093693	male
0.1290279216	male
0.1502272406	male
0.1221344666	male
0.1424889262	male
0.1288145322	male
0.183966745	male
0.1736303946	male
0.1811914686	male
0.1841873128	male
0.1870382226	male
0.1875089375	male
0.1933064494	male
0.1923912113	male
0.1939768162	male
0.1843061637	male
0.1952739453	male
0.1893313951	male
0.1704628481	male
0.1614900053	male
0.153327066	male
0.1890649503	male
0.1972052463	male
0.1992534399	male
0.1507041845	male
0.138336323	male
0.1568624186	male
0.152167925	male
0.1446813841	male
0.1622268126	male
0.126679195	male
0.157578737	male
0.1564629331	male
0.1305366026	male
0.1960227047	male
0.2005130948	male
0.1996195341	male
0.2024500685	male
0.2075344217	male
0.1407169279	male
0.2126198169	male
0.2014280287	male
0.2057761136	male
0.2065069377	male
0.1359169355	male
0.1592701161	male
0.1603748999	male
0.160468201	male
0.1309175465	male
0.1376547429	male
0.1534469828	male
0.1638129889	male
0.1529374895	male
0.1546231048	male
0.1395463326	male
0.1417303404	male
0.152080516	male
0.1500024346	male
0.141262751	male
0.14446144	male
0.1489326683	male
0.1473807049	male
0.1327099748	male
0.1155573398	male
0.1331081022	male
0.13340514	male
0.1264057494	male
0.1300415594	male
0.1288993039	male
0.1388508437	male
0.1331078946	male
0.1356038665	male
0.1290031263	male
0.1258303805	male
0.1696346294	male
0.1456762	male
0.1506606273	male
0.1374122681	male
0.1485049029	male
0.1294946308	male
0.1410173013	male
0.1244345525	male
0.1403731684	male
0.1421333664	male
0.1369302571	male
0.1294088905	male
0.1415981852	male
0.1551711853	male
0.1647104278	male
0.1694462279	male
0.1715247814	male
0.1656757681	male
0.1752365468	male
0.1733561303	male
0.1676885314	male
0.1771540061	male
0.1670921112	male
0.1354399209	male
0.1113367168	male
0.1264901567	male
0.143503898	male
0.0984012637	male
0.1337891671	male
0.1421077907	male
0.1250465127	male
0.1180124582	male
0.1464087693	male
0.1472462285	male
0.1365449948	male
0.1316492755	male
0.1366199009	male
0.1363578727	male
0.1139983213	male
0.1342804844	male
0.1312869832	male
0.1462110675	male
0.1140479627	male
0.1304839086	male
0.1634491407	male
0.1583517232	male
0.1942263937	male
0.1831673575	male
0.1665082752	male
0.1906036911	male
0.1741515837	male
0.1730945916	male
0.1800521312	male
0.1877413971	male
0.1746232411	male
0.1951269711	male
0.187102575	male
0.179253335	male
0.1830015139	male
0.2040960233	male
0.1878814434	male
0.1709043519	male
0.1693104037	male
0.1679014026	male
0.1696679256	male
0.1722428595	male
0.169736247	male
0.1687908298	male
0.1691001558	male
0.1651018121	male
0.1692999328	male
0.1617989483	male
0.1419960094	male
0.1517552747	male
0.1557910358	male
0.1320787683	male
0.1564136655	male
0.1345059317	male
0.1694118399	male
0.1552458439	male
0.1498868827	male
0.1597224489	male
0.1574214458	male
0.170624946	male
0.1138484798	male
0.1674984442	male
0.1651468721	male
0.1464452878	male
0.1691860479	male
0.136065631	male
0.157534008	male
0.1567807631	male
0.1593334028	male
0.1645654947	male
0.1462408222	male
0.1385461561	male
0.1414193998	male
0.1356816355	male
0.1610378479	male
0.1124477095	male
0.1552235727	male
0.1624105499	male
0.1249296263	male
0.1419648237	male
0.1765057339	male
0.1606258733	male
0.1560322421	male
0.0746750831	male
0.0925788942	male
0.1012779163	male
0.0914363349	male
0.1372062169	male
0.1526700149	male
0.1717128711	male
0.1438088389	male
0.1528464755	male
0.1514627136	male
0.1384464888	male
0.1579527683	male
0.0979861935	male
0.1410780758	male
0.1465059881	male
0.1586233923	male
0.1597916775	male
0.1136688872	male
0.1511713499	male
0.1613325499	male
0.1274797565	male
0.1551926553	male
0.1467551919	male
0.1552190913	male
0.1653685226	male
0.1741856115	male
0.1717273142	male
0.1764593135	male
0.1776948785	male
0.1763521835	male
0.1561207518	male
0.152185584	male
0.1522665369	male
0.1497907874	male
0.1557853681	male
0.1561470381	male
0.1499483624	male
0.1590033236	male
0.1593213465	male
0.1562404017	male
0.1500519761	male
0.1506721568	male
0.151921813	male
0.1530626755	male
0.1501397161	male
0.1558673561	male
0.1551301305	male
0.153817457	male
0.1537159326	male
0.153085133	male
0.1576441913	male
0.1551810943	male
0.1539429907	male
0.1539645447	male
0.1579151033	male
0.162173227	male
0.156166413	male
0.1620649666	male
0.1527369656	male
0.1542920825	male
0.1567670051	male
0.1541524417	male
0.1498783239	male
0.1501088225	male
0.1494568868	male
0.1521305991	male
0.1515315244	male
0.1576149673	male
0.1514721793	male
0.1552638146	male
0.1565150602	male
0.1555237988	male
0.1516844444	male
0.1530868788	male
0.1513564312	male
0.1513343487	male
0.1478057263	male
0.1479366203	male
0.1590233928	male
0.1555869126	male
0.151272283	male
0.1489209353	male
0.1680523752	male
0.1637791931	male
0.1780513989	male
0.1594516627	male
0.1676847306	male
0.1604502089	male
0.1671167276	male
0.1580406618	male
0.1635413466	male
0.1624389297	male
0.1605609247	male
0.1701360122	male
0.1688542138	male
0.1754698399	male
0.1688848821	male
0.1591952993	male
0.1655982975	male
0.1572765337	male
0.1654616188	male
0.1696334385	male
0.1660184199	male
0.1695537056	male
0.1659768766	male
0.1587215829	male
0.1628958579	male
0.164228316	male
0.1659119227	male
0.1654546262	male
0.168504576	male
0.1656588764	male
0.1662335485	male
0.1583678241	male
0.1723909381	male
0.1666894753	male
0.1635151279	male
0.1658995085	male
0.16979763	male
0.171958807	male
0.1538964736	male
0.1755275745	male
0.1650486832	male
0.1660460944	male
0.1623367726	male
0.1672547005	male
0.1670212696	male
0.1669735937	male
0.1681487454	male
0.1711685971	male
0.1658628747	male
0.1630018023	male
0.166741898	male
0.1614209415	male
0.1693315093	male
0.1697964471	male
0.1763093201	male
0.1724594452	male
0.1707524943	male
0.164848568	male
0.1682431269	male
0.1693416325	male
0.165553011	male
0.1654393385	male
0.1722354559	male
0.1665802127	male
0.1593469172	male
0.1684243941	male
0.1732251389	male
0.1649421123	male
0.1699510914	male
0.1653414917	male
0.162046927	male
0.1498641556	male
0.1683170505	male
0.1579925764	male
0.1746455387	male
0.1752356622	male
0.1736657776	male
0.1618590394	male
0.1611315937	male
0.1673357159	male
0.1624289479	male
0.1734834711	male
0.1643890789	male
0.1680223385	male
0.1803602113	male
0.1911512878	male
0.1764815613	male
0.1825169299	male
0.1732017951	male
0.1756085467	male
0.173764677	male
0.1687629858	male
0.1847492146	male
0.1807921752	male
0.1843880441	male
0.1784912109	male
0.1840121615	male
0.1902704822	male
0.1790850454	male
0.1858762941	male
0.1810549466	male
0.1806427981	male
0.1839810135	male
0.1929432994	male
0.172044323	male
0.1737164802	male
0.1734488053	male
0.170723428	male
0.1885430134	male
0.1700425673	male
0.1806509614	male
0.1788733569	male
0.1742739833	male
0.1776699764	male
0.1823618103	male
0.1756341232	male
0.178535925	male
0.1723493462	male
0.16482457	male
0.1748923249	male
0.1681643718	male
0.1714090293	male
0.1787651231	male
0.1776938584	male
0.1797161435	male
0.1737094554	male
0.1737205115	male
0.1782543362	male
0.1661843784	male
0.1787206876	male
0.1686986128	male
0.1664786361	male
0.1706136999	male
0.1828876908	male
0.1737994495	male
0.1769382827	male
0.1776807805	male
0.1677317438	male
0.1810363393	male
0.1749917481	male
0.1775270385	male
0.1767462553	male
0.1715479606	male
0.1755834813	male
0.182465049	male
0.1603079978	male
0.1533816742	male
0.197027156	male
0.1815559866	male
0.1890570805	male
0.183170844	male
0.2019513039	male
0.2022835769	male
0.1949572215	male
0.1997563975	male
0.1940164962	male
0.2038145371	male
0.1868914095	male
0.1714902871	male
0.1808493587	male
0.198585268	male
0.1942106169	male
0.1951714221	male
0.1930387038	male
0.1897612584	male
0.1861185133	male
0.1942481342	male
0.1988688376	male
0.1931553886	male
0.1859346988	male
0.1952007874	male
0.2072714907	male
0.1892881638	male
0.1889846503	male
0.1888386647	male
0.2015410405	male
0.1908516972	male
0.1834646589	male
0.1899897725	male
0.1904018836	male
0.1957098918	male
0.192631692	male
0.1828692132	male
0.2010807885	male
0.1989304724	male
0.1794069477	male
0.1815596001	male
0.1931970245	male
0.1979547505	male
0.1957447676	male
0.1963365903	male
0.1731651502	male
0.1952097582	male
0.2033810456	male
0.1995829148	male
0.1913244895	male
0.1922997608	male
0.1913737898	male
0.1941499088	male
0.1952199473	male
0.1953763874	male
0.1963173263	male
0.1907200111	male
0.1883575972	male
0.1904086378	male
0.1921544072	male
0.2012405802	male
0.204075413	male
0.1857686459	male
0.1874770371	male
0.1895151999	male
0.1938321536	male
0.1890634772	male
0.1919211835	male
0.2013057189	male
0.1959378998	male
0.1968394879	male
0.1933572929	male
0.1983568895	male
0.1913805241	male
0.2003031651	male
0.2033627563	male
0.1948514249	male
0.2004336856	male
0.1958475405	male
0.1959536758	male
0.1940595985	male
0.1978850718	male
0.1934242142	male
0.1879438084	male
0.2008612419	male
0.1995895425	male
0.1978517769	male
0.1949613048	male
0.1934920464	male
0.1865065489	male
0.1791009869	male
0.1910237972	male
0.1926213378	male
0.1992173608	male
0.1892322847	male
0.1940034861	male
0.185269829	male
0.1948745224	male
0.1928092515	male
0.1825077625	male
0.189983202	male
0.1894259861	male
0.1915907036	male
0.1989369824	male
0.1856985739	male
0.1882913065	male
0.186219164	male
0.1854625074	male
0.1913533962	male
0.1891600771	male
0.1773296697	male
0.186100909	male
0.1830456298	male
0.1948448641	male
0.1897979436	male
0.1988105715	male
0.1904791029	male
0.1855839943	male
0.1957049834	male
0.1915827288	male
0.188229185	male
0.1742545337	male
0.1842445609	male
0.1845171831	male
0.1851263891	male
0.1799491936	male
0.1795572999	male
0.1919361867	male
0.1832104374	male
0.1871469068	male
0.1902355642	male
0.1805286669	male
0.2049436668	male
0.1946279885	male
0.198570077	male
0.1863934722	male
0.1890025468	male
0.1809957865	male
0.1894963718	male
0.1843389382	male
0.1917823167	male
0.1899950952	male
0.1929889433	male
0.1838861143	male
0.1866430539	male
0.1905887988	male
0.2014030615	male
0.1892528794	male
0.1796781328	male
0.1976877478	male
0.1876922599	male
0.1978892118	male
0.1862196542	male
0.2038582507	male
0.193322456	male
0.1889407303	male
0.1899907994	male
0.2113777493	male
0.2026439409	male
0.1984762579	male
0.1936638649	male
0.192667648	male
0.1967298775	male
0.2048423763	male
0.2009770307	male
0.1923398182	male
0.1932197057	male
0.1949660575	male
0.1987273017	male
0.1954235506	male
0.198814061	male
0.185771053	male
0.1763346392	male
0.205414924	male
0.2034418341	male
0.1975580432	male
0.1962241147	male
0.2060798477	male
0.2041840747	male
0.2042710274	male
0.192763153	male
0.1880540977	male
0.1989227433	male
0.1884186495	male
0.1938969492	male
0.1910180218	male
0.1841418997	male
0.1908622066	male
0.200690375	male
0.1920658961	male
0.192407537	male
0.1925575166	male
0.1945652192	male
0.1961946206	male
0.1902893777	male
0.1970725152	male
0.1823367269	male
0.1904362682	male
0.1904218775	male
0.186320341	male
0.1895731457	male
0.1814211867	male
0.1967878494	male
0.1963045838	male
0.1991376549	male
0.1956430629	male
0.1902848269	male
0.188175668	male
0.1994271185	male
0.1940070568	male
0.193988407	male
0.1898736049	male
0.1808511184	male
0.1955431274	male
0.1870865538	male
0.1952595873	male
0.1889852404	male
0.1965899923	male
0.1930508254	male
0.1909442429	male
0.195467989	male
0.2003513803	male
0.1968056675	male
0.1864679337	male
0.1951642609	male
0.1913266826	male
0.1987176098	male
0.1936255899	male
0.2030799808	male
0.1901167997	male
0.1854800976	male
0.1983081145	male
0.1862886839	male
0.1922715235	male
0.1886077235	male
0.199189487	male
0.1898085745	male
0.1859148673	male
0.1890204268	male
0.1935629853	male
0.1828134615	male
0.1979918578	male
0.193622778	male
0.1919689131	male
0.1747549847	male
0.1753108521	male
0.1985240345	male
0.1916927406	male
0.181525453	male
0.1834649499	male
0.1905802831	male
0.1766266566	male
0.1929927632	male
0.186150408	male
0.1874954754	male
0.1888787736	male
0.1779174639	male
0.1969706886	male
0.1820410934	male
0.1843584398	male
0.2010647181	male
0.2023329761	male
0.1761998792	male
0.1946444204	male
0.1794962616	male
0.1825612148	male
0.1990406112	male
0.182813026	male
0.1916482371	male
0.1963892333	male
0.1905315081	male
0.1884218396	male
0.1921959664	male
0.1856093594	male
0.1933664629	male
0.1914441162	male
0.185093974	male
0.1928966638	male
0.1915825597	male
0.1867530205	male
0.1766968451	male
0.1856886151	male
0.1923172408	male
0.190401637	male
0.1942136941	male
0.1970987613	male
0.1878980305	male
0.1808039917	male
0.1896280452	male
0.1957147985	male
0.1898703588	male
0.1931103729	male
0.1932002284	male
0.1971031363	male
0.1937999988	male
0.1863259717	male
0.1877717222	male
0.1844395619	male
0.1884191059	male
0.1791346277	male
0.1680947561	male
0.1903694579	male
0.1958287693	male
0.1892450016	male
0.1970305053	male
0.2045788687	male
0.1894084124	male
0.2020653328	male
0.2007835357	male
0.2013801977	male
0.1972734113	male
0.2108386983	male
0.2010391312	male
0.1948115819	male
0.208719093	male
0.1975468325	male
0.2039551572	male
0.2070224658	male
0.1997592664	male
0.1871543343	male
0.206441977	male
0.2079603357	male
0.1962666706	male
0.2013617964	male
0.2022342163	male
0.1987295096	male
0.1980524884	male
0.1888670775	male
0.2014327582	male
0.1931308451	male
0.2047147482	male
0.198218184	male
0.2012128996	male
0.1937784668	male
0.1967718691	male
0.2020160374	male
0.1969448095	male
0.2069957182	male
0.1955424284	male
0.2007171239	male
0.1956802459	male
0.1945737373	male
0.1935004837	male
0.1942169064	male
0.1951929574	male
0.2028119107	male
0.1960959936	male
0.1993408701	male
0.2009864021	male
0.2021338301	male
0.1962547081	male
0.1891722382	male
0.1984804691	male
0.1963160759	male
0.205059568	male
0.202965448	male
0.2040478862	male
0.2004558716	male
0.1945804824	male
0.2013833857	male
0.2033614363	male
0.1900076719	male
0.1864035009	male
0.1903113422	male
0.1822086958	male
0.1862248784	male
0.1768155514	male
0.1860745948	male
0.1791347621	male
0.1763611346	male
0.1801909678	male
0.1721301105	male
0.1812225942	male
0.174429618	male
0.1838985474	male
0.1842250062	male
0.1959488663	male
0.1835515814	male
0.1921322921	male
0.1888481714	male
0.1792988982	male
0.1740766413	male
0.1794273488	male
0.1755095975	male
0.188789992	male
0.186968185	male
0.1796396328	male
0.1785903826	male
0.1765269224	male
0.1810199961	male
0.1841058061	male
0.1822821962	male
0.1908128163	male
0.1834597407	male
0.1919592257	male
0.1753568761	male
0.1801660087	male
0.1776153805	male
0.1777780439	male
0.1804735794	male
0.1784500021	male
0.1672519274	male
0.1678317088	male
0.1908876582	male
0.1449042037	male
0.1505588786	male
0.1881283584	male
0.1910137738	male
0.1768488651	male
0.1868360977	male
0.1816727261	male
0.1762489641	male
0.1857962478	male
0.1399568949	male
0.1821289323	male
0.1765987639	male
0.180714103	male
0.1833738772	male
0.1837058443	male
0.1616164856	male
0.1793841449	male
0.1836638132	male
0.1769249453	male
0.1786131232	male
0.1816446072	male
0.181798988	male
0.1808790498	male
0.191853569	male
0.1863175952	male
0.1871783203	male
0.1805070971	male
0.184000023	male
0.1820699783	male
0.1804984092	male
0.1845009217	male
0.1895398649	male
0.1793255974	male
0.1826561936	male
0.1810306488	male
0.1832458126	male
0.182671803	male
0.1850148911	male
0.1821592602	male
0.1894699789	male
0.1829373209	male
0.1815917218	male
0.1867410035	male
0.1803789644	male
0.1949765737	male
0.1851791907	male
0.1824220512	male
0.197826351	male
0.1810897339	male
0.1815428829	male
0.1782619244	male
0.1763834864	male
0.1807265892	male
0.1838744931	male
0.1725977748	male
0.1818586014	male
0.1694073488	male
0.1892495978	male
0.180063603	male
0.1745430175	male
0.192210007	male
0.1833310901	male
0.164709822	male
0.1862136434	male
0.1786960519	male
0.1773260954	male
0.1817021227	male
0.1905780036	male
0.1869427729	male
0.1799395082	male
0.1876968629	male
0.1787082073	male
0.1915430533	male
0.1798376223	male
0.1804730957	male
0.1784474664	male
0.1906527204	male
0.2068424413	male
0.1956395799	male
0.1927257581	male
0.1933169946	male
0.2029718873	male
0.187855712	male
0.2077918533	male
0.1996992106	male
0.2071644932	male
0.2009399499	male
0.2058876106	male
0.2038652175	male
0.1940425415	male
0.1994524072	male
0.1915277961	male
0.2019772166	male
0.2081390284	male
0.1991227066	male
0.2043359919	male
0.2090951518	male
0.2035493781	male
0.2057420473	male
0.2084338259	male
0.2018866464	male
0.1932824737	male
0.1967952498	male
0.197676486	male
0.200428134	male
0.2048448809	male
0.1941111497	male
0.1991039096	male
0.2076043511	male
0.2075926699	male
0.2033070236	male
0.2051654963	male
0.2069992566	male
0.1995475148	male
0.2077343718	male
0.2014103177	male
0.1996285323	male
0.204827436	male
0.2062613613	male
0.191005065	male
0.1974298836	male
0.2035849851	male
0.185490112	male
0.1970657166	male
0.1924984704	male
0.2047696166	male
0.2000121909	male
0.2027787099	male
0.1918870531	male
0.1999452068	male
0.207771971	male
0.2109505827	male
0.2031851086	male
0.199174754	male
0.2137954799	male
0.1976057967	male
0.2052401397	male
0.1732405208	male
0.1765937061	male
0.1859613435	male
0.1790845023	male
0.1728942708	male
0.1799797844	male
0.1758026537	male
0.1794674038	male
0.1805172813	male
0.1878126241	male
0.1776538915	male
0.1771905405	male
0.1815082708	male
0.1828511492	male
0.1910879826	male
0.1891130922	male
0.1738448544	male
0.177226414	male
0.1826675665	male
0.1809403401	male
0.186408926	male
0.1754861374	male
0.1789938726	male
0.1787480282	male
0.1815038344	male
0.1799331442	male
0.1794899292	male
0.1816354531	male
0.1792779647	male
0.1828997646	male
0.180574898	male
0.1778015966	male
0.1831882637	male
0.1763203923	male
0.1718427111	male
0.1802924931	male
0.1753937802	male
0.1783063665	male
0.1782607154	male
0.1791078862	male
0.1791784431	male
0.1789870302	male
0.1770292728	male
0.1847169852	male
0.1766427401	male
0.1799832996	male
0.1841245049	male
0.1836404188	male
0.1820414456	male
0.1800124849	male
0.1894998184	male
0.1792741154	male
0.1782772779	male
0.1779901402	male
0.1859818951	male
0.1824570035	male
0.1782421502	male
0.1783190275	male
0.1809478972	male
0.1814094517	male
0.1400264847	male
0.1510082887	male
0.1240128656	male
0.2110444839	male
0.2121464327	male
0.2014841203	male
0.200262087	male
0.2125597604	male
0.1972238484	male
0.2033749228	male
0.2202059808	male
0.2028258811	male
0.1940735154	male
0.152944897	male
0.1558008188	male
0.1545709616	male
0.1438479958	male
0.1604114821	male
0.1587622492	male
0.1622692224	male
0.1442573049	male
0.149385631	male
0.1482257992	male
0.1377118414	male
0.1520584348	male
0.1406506822	male
0.1390103091	male
0.1490252347	male
0.1615140711	male
0.1530311498	male
0.165355154	male
0.1018245999	male
0.1463990405	male
0.1050034081	male
0.117169571	male
0.1437044646	male
0.140367974	male
0.1170190304	male
0.1384687249	male
0.145217672	male
0.1354896264	male
0.1212311119	male
0.1113341395	male
0.1415656446	male
0.1414981504	male
0.1520131203	male
0.156963472	male
0.1504938254	male
0.1688786353	male
0.1425790352	male
0.1646799015	male
0.112687253	male
0.1566147214	male
0.1157796438	male
0.1550832333	male
0.1440992967	male
0.122625808	male
0.1217265691	male
0.1335553247	male
0.1347414728	male
0.1494216316	male
0.1353897807	male
0.1671198784	male
0.1600428633	male
0.1579277903	male
0.15776402	male
0.1628703625	male
0.1554761449	male
0.1597228391	male
0.1619526923	male
0.1575405616	male
0.1595416882	male
0.1617370368	male
0.1603922694	male
0.1623164805	male
0.1702307147	male
0.1652904196	male
0.1651126446	male
0.157679531	male
0.1588204587	male
0.1556354951	male
0.1608303324	male
0.1600686222	male
0.1601387678	male
0.1621684242	male
0.1578108767	male
0.1629377589	male
0.1693652253	male
0.1768992686	male
0.180986469	male
0.1627453671	male
0.1629151138	male
0.1647454449	male
0.1673380409	male
0.1565854806	male
0.1578720348	male
0.1661217745	male
0.1550393174	male
0.1568537433	male
0.1598877742	male
0.1633507936	male
0.1585366687	male
0.1566452118	male
0.1634337341	male
0.1664183807	male
0.1595468223	male
0.1577633562	male
0.1519653125	male
0.160545302	male
0.1555650399	male
0.1641345586	male
0.1707777665	male
0.1623501682	male
0.1587811893	male
0.1581079895	female
0.1828554406	female
0.1998065191	female
0.1952803667	female
0.2085043669	female
0.1684257408	female
0.1799818583	female
0.2045179718	female
0.1982921991	female
0.1842498218	female
0.1917943643	female
0.1930041123	female
0.1908900952	female
0.1844843722	female
0.1885051325	female
0.1974761957	female
0.1608838397	female
0.1484144022	female
0.1093106164	female
0.1465114025	female
0.1107272768	female
0.1565537242	female
0.1607448659	female
0.1182065309	female
0.1227060133	female
0.1637019995	female
0.1136384454	female
0.1490024149	female
0.1641254573	female
0.111292518	female
0.1027874684	female
0.1945714007	female
0.1967811546	female
0.1796916015	female
0.1620303905	female
0.1902150532	female
0.1875828793	female
0.1910885127	female
0.1968454255	female
0.1902882446	female
0.193005145	female
0.1925725987	female
0.195583432	female
0.1966442315	female
0.1824408694	female
0.0896933827	female
0.1997425635	female
0.2046214148	female
0.1968560289	female
0.1930741037	female
0.2099329016	female
0.1945573579	female
0.1844383708	female
0.2010479949	female
0.1939814632	female
0.1637846106	female
0.1832057641	female
0.1960742949	female
0.1762219924	female
0.1907686714	female
0.1970635081	female
0.1878367186	female
0.1875744085	female
0.1909751927	female
0.1510967289	female
0.1154016383	female
0.1162126959	female
0.1681221128	female
0.1324769531	female
0.1347852662	female
0.144418544	female
0.1374260882	female
0.135907894	female
0.1504808183	female
0.1489508355	female
0.1091484803	female
0.1584172406	female
0.1160018332	female
0.0977325421	female
0.1340449162	female
0.0903702675	female
0.1250001388	female
0.1348587154	female
0.1195666524	female
0.1494537259	female
0.1462319448	female
0.1641042809	female
0.1084698897	female
0.1307423337	female
0.1375497489	female
0.1465601304	female
0.1321452486	female
0.1578797274	female
0.1466954467	female
0.186963134	female
0.1889160355	female
0.1706035587	female
0.1350127531	female
0.1516577285	female
0.0920924414	female
0.143582842	female
0.1662357663	female
0.1683809396	female
0.1652285661	female
0.1576988418	female
0.1699351369	female
0.164855128	female
0.1269202753	female
0.1553132502	female
0.1235519738	female
0.0934532683	female
0.2023262639	female
0.1722497217	female
0.1860090206	female
0.1894601511	female
0.1499527017	female
0.183064351	female
0.1842090251	female
0.1736580438	female
0.1926767177	female
0.1419282282	female
0.232672936	female
0.2404579753	female
0.2389404857	female
0.2205818301	female
0.2288164714	female
0.2366069285	female
0.2278548083	female
0.2408440289	female
0.2353490311	female
0.2307107889	female
0.2107012541	female
0.1478584431	female
0.1460231557	female
0.1492175404	female
0.1514774442	female
0.1414041146	female
0.1427515893	female
0.1392973973	female
0.1400683807	female
0.1411796246	female
0.1521740468	female
0.1317808939	female
0.1474014731	female
0.1278581658	female
0.1799172949	female
0.161226593	female
0.1672516098	female
0.198253671	female
0.1958851056	female
0.1908864212	female
0.1902514349	female
0.1439162652	female
0.1909513119	female
0.2184136823	female
0.1947740151	female
0.1915892432	female
0.1947937701	female
0.1834767589	female
0.1821796125	female
0.1865940205	female
0.1871245794	female
0.1829678742	female
0.179249623	female
0.1744008186	female
0.1793553933	female
0.1757908867	female
0.1834812495	female
0.183357687	female
0.179977945	female
0.181511631	female
0.1888976917	female
0.1807501303	female
0.1836213598	female
0.1497850636	female
0.1831375907	female
0.1815652016	female
0.1795786342	female
0.1931464027	female
0.1636137167	female
0.1677838974	female
0.1769851618	female
0.1852941751	female
0.1820246488	female
0.138120228	female
0.1777227378	female
0.1811152012	female
0.1795419396	female
0.1716688643	female
0.1817516936	female
0.1892570619	female
0.1790099634	female
0.1798545919	female
0.1841688057	female
0.1858471994	female
0.1870737992	female
0.1830461601	female
0.1748572319	female
0.1746326902	female
0.1722711758	female
0.1857169823	female
0.1804964287	female
0.1832458555	female
0.1806755556	female
0.187324392	female
0.1880297561	female
0.1660780979	female
0.1792891082	female
0.1791788337	female
0.1813473249	female
0.1786905014	female
0.1871151997	female
0.1860714975	female
0.1776799477	female
0.1843106092	female
0.1632391068	female
0.1783073659	female
0.1746883226	female
0.1833718877	female
0.1769467787	female
0.1740354746	female
0.1772657645	female
0.1736415463	female
0.1882221841	female
0.1779195973	female
0.1769073143	female
0.1870247995	female
0.1928168867	female
0.1843094036	female
0.1848893422	female
0.1859925342	female
0.1866470779	female
0.1811825493	female
0.1851740456	female
0.1686128859	female
0.178653418	female
0.1871766687	female
0.1892603544	female
0.1848928708	female
0.1630672042	female
0.1819225911	female
0.1819956878	female
0.1772980532	female
0.1783894805	female
0.1745238437	female
0.1773707414	female
0.1540714389	female
0.1811914314	female
0.1819642216	female
0.1830983043	female
0.1827135066	female
0.1713191395	female
0.1681630378	female
0.1741735318	female
0.1831731934	female
0.1778960797	female
0.1883073468	female
0.1797495887	female
0.1805336176	female
0.1972164583	female
0.1891332698	female
0.1767333987	female
0.1820507909	female
0.192711322	female
0.2017483766	female
0.1926288313	female
0.2063353368	female
0.1959294869	female
0.1899128087	female
0.1685976575	female
0.1597149999	female
0.1941250151	female
0.1725857276	female
0.1820637339	female
0.1752482588	female
0.1726788317	female
0.161152946	female
0.170131639	female
0.1770467016	female
0.1540804458	female
0.1623411732	female
0.1517545437	female
0.1410829067	female
0.1416165136	female
0.1658043264	female
0.1521975515	female
0.1291462756	female
0.1755542687	female
0.1489745439	female
0.1977228384	female
0.1913737204	female
0.1891538753	female
0.1917023533	female
0.1834332067	female
0.1864655685	female
0.19820339	female
0.1876290343	female
0.2007020417	female
0.1732497384	female
0.1822996924	female
0.1834951662	female
0.1732714988	female
0.1736390254	female
0.2001155625	female
0.1964059922	female
0.1702119423	female
0.1722860179	female
0.2049378804	female
0.1571686267	female
0.1958608361	female
0.1882267926	female
0.2223733898	female
0.1920499605	female
0.2019294987	female
0.1980506322	female
0.1939620585	female
0.1957395948	female
0.1718706672	female
0.178197286	female
0.1738220078	female
0.1721082281	female
0.171769968	female
0.1888722679	female
0.1751078087	female
0.1794180767	female
0.1832005973	female
0.1601736844	female
0.08560587	female
0.0820059823	female
0.0788471872	female
0.1214455059	female
0.0934023088	female
0.1026233602	female
0.091790714	female
0.1125746087	female
0.0975620912	female
0.0888313132	female
0.1647842489	female
0.135120044	female
0.1524144482	female
0.15025502	female
0.1512832657	female
0.1532887073	female
0.1393052835	female
0.1655421992	female
0.1536453595	female
0.1526738274	female
0.1622051574	female
0.1682522032	female
0.163490852	female
0.1695799089	female
0.17030936	female
0.1616414661	female
0.169751775	female
0.1660777208	female
0.1665375697	female
0.1734510649	female
0.2082917959	female
0.2082320733	female
0.1993868104	female
0.1956793888	female
0.1956045463	female
0.2003245639	female
0.2126811507	female
0.1980392265	female
0.218551887	female
0.1982030054	female
0.202647026	female
0.2177588417	female
0.1914561417	female
0.2001537814	female
0.198024236	female
0.1993771879	female
0.2128109585	female
0.2064788171	female
0.2057928211	female
0.1417978161	female
0.1324629185	female
0.1411329274	female
0.1210758548	female
0.2225570541	female
0.2327535988	female
0.2115629077	female
0.2279309867	female
0.2299930217	female
0.220802047	female
0.2175092762	female
0.2289027479	female
0.2266688155	female
0.240260308	female
0.1121534344	female
0.1258455266	female
0.155449633	female
0.0982691554	female
0.2065772632	female
0.2123197011	female
0.1950128904	female
0.196432361	female
0.1972753075	female
0.1950689709	female
0.2044464787	female
0.2088320342	female
0.2104597328	female
0.1904654519	female
0.1838695943	female
0.1995273338	female
0.1914854076	female
0.1999196582	female
0.1673555004	female
0.1776190941	female
0.1917652026	female
0.1772993553	female
0.1931231209	female
0.1763747301	female
0.1826616613	female
0.1758556573	female
0.1881256726	female
0.1848722922	female
0.1551814369	female
0.1476062946	female
0.1854168928	female
0.1670220358	female
0.1332120893	female
0.0980837952	female
0.1230618107	female
0.1317477992	female
0.1639385286	female
0.1348132461	female
0.1375558798	female
0.1165849153	female
0.1422974319	female
0.1328950652	female
0.1988082426	female
0.1928873507	female
0.1856589437	female
0.1751811581	female
0.1730161137	female
0.1641263568	female
0.1619933336	female
0.1871543005	female
0.1849567089	female
0.1861878449	female
0.123722281	female
0.1195719774	female
0.1163657952	female
0.1105003265	female
0.1396292171	female
0.1858130963	female
0.1904431137	female
0.1861066441	female
0.1884253303	female
0.1863894011	female
0.1790149153	female
0.1814335712	female
0.187369211	female
0.1801855148	female
0.18151919	female
0.1960224933	female
0.1751766556	female
0.1961049969	female
0.1715233453	female
0.1617311679	female
0.1773514313	female
0.173757232	female
0.1850091254	female
0.1670531054	female
0.1864894451	female
0.1792022317	female
0.1944855411	female
0.178228426	female
0.1854069111	female
0.1839853077	female
0.1785997455	female
0.1813903958	female
0.2010655559	female
0.1573752623	female
0.1961022981	female
0.1890546933	female
0.1693996228	female
0.1939561417	female
0.1783934019	female
0.1691289488	female
0.1783146047	female
0.1751852122	female
0.1309879399	female
0.1312959593	female
0.1286417518	female
0.1394075759	female
0.1336590569	female
0.1724497858	female
0.1470185677	female
0.1521960095	female
0.1509556893	female
0.1528458422	female
0.1873961612	female
0.1824047936	female
0.194089842	female
0.1885525938	female
0.1843914186	female
0.1818211899	female
0.182572402	female
0.1897110215	female
0.1876502854	female
0.1949463129	female
0.1932792647	female
0.1887186261	female
0.1885009598	female
0.1900710188	female
0.1882993131	female
0.1883948244	female
0.1900759561	female
0.194601256	female
0.2001581914	female
0.1948398101	female
0.1845969184	female
0.170118982	female
0.1900742606	female
0.1845681527	female
0.1852248607	female
0.1849460272	female
0.1838525608	female
0.1866607726	female
0.1933909852	female
0.1911735492	female
0.1890569086	female
0.1870272	female
0.190584259	female
0.1870092886	female
0.1899541083	female
0.1894183536	female
0.1912216687	female
0.1886866535	female
0.1891771837	female
0.1871282806	female
0.187340431	female
0.1897082298	female
0.1854219469	female
0.1883050034	female
0.1859282175	female
0.1903610676	female
0.1858017174	female
0.1831069732	female
0.1818950827	female
0.1910788123	female
0.1927801017	female
0.1871544588	female
0.1901658932	female
0.191504402	female
0.1918322481	female
0.1944714433	female
0.1851356611	female
0.1808664351	female
0.1835273684	female
0.1877635825	female
0.1835709223	female
0.1843074256	female
0.1837316216	female
0.1841441387	female
0.1868744466	female
0.1818153575	female
0.1914149833	female
0.1984017963	female
0.1864015066	female
0.1919228313	female
0.1868325246	female
0.1973057722	female
0.1892500397	female
0.1880186661	female
0.1876443441	female
0.1808527137	female
0.1847795519	female
0.1873453	female
0.1895674665	female
0.1835506502	female
0.1892830416	female
0.1919290209	female
0.1863196511	female
0.186823415	female
0.1828946129	female
0.181308458	female
0.1851203424	female
0.1909982949	female
0.1931856959	female
0.1854334374	female
0.198801928	female
0.1920376311	female
0.1933169028	female
0.1917860022	female
0.1803957793	female
0.1929572998	female
0.1875671479	female
0.1891393734	female
0.193135576	female
0.195470072	female
0.1948388171	female
0.1932742727	female
0.1797550175	female
0.2030867476	female
0.180709738	female
0.185590297	female
0.1609344291	female
0.1805615238	female
0.1785870111	female
0.1903311639	female
0.1897539506	female
0.1698633894	female
0.1943384068	female
0.1851023139	female
0.1637500153	female
0.1587239867	female
0.1913058267	female
0.1738010829	female
0.1904938029	female
0.199900983	female
0.1688730892	female
0.1744680089	female
0.2119021025	female
0.1920904076	female
0.2051799942	female
0.1971035994	female
0.1798554792	female
0.2120578949	female
0.1980089142	female
0.1868635256	female
0.1823123722	female
0.1848530854	female
0.1872596816	female
0.2200234429	female
0.2040517355	female
0.1894957673	female
0.201001923	female
0.1660542066	female
0.2023061624	female
0.1775831167	female
0.1870305835	female
0.1805132698	female
0.1817413608	female
0.1795139027	female
0.1908107731	female
0.1931207693	female
0.1730248378	female
0.2002317499	female
0.2063188342	female
0.1872515619	female
0.1346728868	female
0.2051594188	female
0.1946935067	female
0.1787345448	female
0.1968991128	female
0.1895294625	female
0.1518619301	female
0.2052960173	female
0.1755808952	female
0.1669662935	female
0.1641799339	female
0.1323056293	female
0.1465263221	female
0.1157892847	female
0.1385922138	female
0.1748797685	female
0.2104238837	female
0.2130263908	female
0.2114067238	female
0.2356846525	female
0.204464415	female
0.2299870281	female
0.2245719234	female
0.2179669977	female
0.2018666747	female
0.2077093181	female
0.1148281114	female
0.1229564799	female
0.1283049094	female
0.1183386786	female
0.1271149065	female
0.1431329734	female
0.1105029829	female
0.1392540294	female
0.1111535945	female
0.2229303263	female
0.2181698186	female
0.2232787841	female
0.215388321	female
0.2252299662	female
0.211237578	female
0.2275367427	female
0.2276831679	female
0.2225488733	female
0.2145818962	female
0.2168089143	female
0.2184779703	female
0.1953669381	female
0.2307905433	female
0.2299382537	female
0.221970733	female
0.227550491	female
0.2195019828	female
0.2186473905	female
0.2222278564	female
0.2266641431	female
0.2191846325	female
0.2356528438	female
0.2121346239	female
0.2179047823	female
0.2266503153	female
0.2114013129	female
0.2194251858	female
0.2219836998	female
0.2120307575	female
0.2256839663	female
0.209008272	female
0.2266400315	female
0.2164734861	female
0.1995374623	female
0.2091758219	female
0.2196912732	female
0.2192187222	female
0.2115883381	female
0.206963676	female
0.2197338246	female
0.2249580188	female
0.2293288186	female
0.2178158599	female
0.21563375	female
0.223532436	female
0.227945965	female
0.2327942936	female
0.2155363031	female
0.2153108281	female
0.2237481881	female
0.2278069293	female
0.2236720018	female
0.2241337542	female
0.2179785859	female
0.2193790076	female
0.2134508004	female
0.2119277834	female
0.2191004112	female
0.2309814564	female
0.2413809819	female
0.2368948402	female
0.2274387508	female
0.2290413117	female
0.2426391267	female
0.2340233279	female
0.231254419	female
0.2407237221	female
0.2383638618	female
0.2420816148	female
0.2348799387	female
0.2470406841	female
0.2230313104	female
0.2356860193	female
0.2322220646	female
0.2264524606	female
0.2316440014	female
0.2256683222	female
0.2356678294	female
0.2309917808	female
0.2364976704	female
0.236732245	female
0.2322928854	female
0.2387301621	female
0.2252882682	female
0.2260544298	female
0.2353318617	female
0.224207222	female
0.2342319828	female
0.2323468563	female
0.2367028674	female
0.2317464229	female
0.2443564469	female
0.2291289616	female
0.2296555828	female
0.2190489094	female
0.2511237587	female
0.2348981077	female
0.2409406051	female
0.2291287162	female
0.2340163275	female
0.2315153005	female
0.2252220311	female
0.2270546341	female
0.2299293334	female
0.2381547566	female
0.2236097036	female
0.2296779063	female
0.23530398	female
0.2412197265	female
0.2396035047	female
0.2432663032	female
0.2392585477	female
0.2343598745	female
0.2380507969	female
0.2362323012	female
0.223881963	female
0.2348668651	female
0.2370930523	female
0.227773489	female
0.2116710844	female
0.2198962946	female
0.2117065792	female
0.2050055945	female
0.2094201432	female
0.2130952584	female
0.2351353591	female
0.2068727875	female
0.2152392267	female
0.2137375189	female
0.2121899149	female
0.2107488813	female
0.2191682745	female
0.2102907281	female
0.212587563	female
0.2168509256	female
0.2085590746	female
0.2119393897	female
0.203774998	female
0.2211372343	female
0.2121899149	female
0.2159385261	female
0.2171286489	female
0.2278654152	female
0.2112898353	female
0.2236616497	female
0.2092210012	female
0.2216711128	female
0.2203542958	female
0.2162923167	female
0.2119866292	female
0.2274761573	female
0.2178749889	female
0.2142647466	female
0.2159557001	female
0.2243435936	female
0.2229956677	female
0.214056833	female
0.2168752744	female
0.2097380767	female
0.2199638679	female
0.2242657992	female
0.2194117669	female
0.2273414577	female
0.214310592	female
0.2273904751	female
0.2198344267	female
0.2247624608	female
0.2139475342	female
0.2066638075	female
0.2240286572	female
0.2071891923	female
0.209110997	female
0.2187506113	female
0.2177598355	female
0.2259455831	female
0.2173109028	female
0.2086524127	female
0.218040353	female
0.2146344532	female
0.1965801179	female
0.2007919161	female
0.1989416672	female
0.1899356523	female
0.1911679157	female
0.2029751087	female
0.1879424287	female
0.210705839	female
0.1960923771	female
0.2011849564	female
0.1934236003	female
0.226478185	female
0.1842145699	female
0.205306866	female
0.1985083187	female
0.1901395232	female
0.1795839071	female
0.1965537487	female
0.1839587148	female
0.1583903053	female
0.1598020117	female
0.1576355355	female
0.1988724154	female
0.2181547651	female
0.1875226193	female
0.2107257903	female
0.1873634838	female
0.1866259615	female
0.1510913774	female
0.2192456658	female
0.1983325404	female
0.1898775162	female
0.2137717352	female
0.2177364891	female
0.2160775102	female
0.213027424	female
0.2169801534	female
0.2134877277	female
0.1904835985	female
0.1937102794	female
0.1764127589	female
0.2053756034	female
0.2075853055	female
0.2142234403	female
0.2095673466	female
0.2146621353	female
0.2172660955	female
0.2055782058	female
0.2119848114	female
0.2004034637	female
0.2183992331	female
0.2110168952	female
0.1856434887	female
0.2124963834	female
0.2069040017	female
0.2176677616	female
0.2122769056	female
0.2095979769	female
0.2060269714	female
0.1815693617	female
0.1860833835	female
0.1800463948	female
0.1874999266	female
0.1906824518	female
0.2025000507	female
0.2009247495	female
0.2031541748	female
0.2029543648	female
0.1958776064	female
0.1867838016	female
0.2044083288	female
0.1949368064	female
0.2003186491	female
0.1997490594	female
0.2043335124	female
0.2098090774	female
0.2133898786	female
0.2101138252	female
0.2060216443	female
0.2032364389	female
0.2114598396	female
0.2104144887	female
0.2190182557	female
0.2080208294	female
0.2104097494	female
0.2116024555	female
0.2039076402	female
0.2277554135	female
0.2034644171	female
0.1941876182	female
0.2041931976	female
0.1952838286	female
0.1956955979	female
0.2149781076	female
0.1989655722	female
0.1994559805	female
0.2088848658	female
0.1951401858	female
0.1975398045	female
0.1940725086	female
0.2068010932	female
0.2023096178	female
0.1971497212	female
0.2004944782	female
0.2007417445	female
0.2039619251	female
0.207664634	female
0.1969813921	female
0.1949406208	female
0.1999498583	female
0.2230737845	female
0.2209898988	female
0.2007955303	female
0.1876737639	female
0.1975046077	female
0.2115350598	female
0.2034082905	female
0.2180460665	female
0.1949295815	female
0.1998442071	female
0.2231970003	female
0.2330408102	female
0.233168218	female
0.2231155875	female
0.2389170339	female
0.2215977913	female
0.2403975807	female
0.2149162828	female
0.227642046	female
0.2225965661	female
0.2496365929	female
0.2342018954	female
0.2324552345	female
0.220120521	female
0.2349340489	female
0.2310748738	female
0.233656193	female
0.2352972228	female
0.2333759206	female
0.2380486198	female
0.2328019812	female
0.2266377824	female
0.2162950241	female
0.240473729	female
0.2370421944	female
0.2274135097	female
0.2316416489	female
0.2279568096	female
0.2216032764	female
0.2316933411	female
0.2308996107	female
0.2388310908	female
0.2339886586	female
0.2399005531	female
0.2376845775	female
0.2390688058	female
0.2155586972	female
0.2295547784	female
0.2359742286	female
0.2366345279	female
0.2356525027	female
0.2344691342	female
0.2417418106	female
0.2401420729	female
0.2369089594	female
0.2312827412	female
0.2136890052	female
0.238772107	female
0.2284321712	female
0.2298572829	female
0.2318803578	female
0.2244781257	female
0.2352710651	female
0.2311957846	female
0.2364907947	female
0.2355207914	female
0.2323461638	female
0.2360169989	female
0.2336511924	female
0.2246305729	female
0.2178317919	female
0.225117391	female
0.205418281	female
0.2182920319	female
0.215346263	female
0.1995406001	female
0.1956531756	female
0.2084532317	female
0.1975661611	female
0.2120207092	female
0.2103006036	female
0.2036878603	female
0.2101417107	female
0.2049977623	female
0.213664459	female
0.1958155785	female
0.2176932101	female
0.209822639	female
0.2049609349	female
0.2031058942	female
0.2196030468	female
0.2166928649	female
0.2018755514	female
0.1906405179	female
0.2075674408	female
0.200862057	female
0.2040532531	female
0.1886386787	female
0.202505364	female
0.1947410217	female
0.199171239	female
0.1901703338	female
0.1857239536	female
0.1835754511	female
0.2015306283	female
0.1925290308	female
0.1991782069	female
0.2002426964	female
0.1942259012	female
0.1900759179	female
0.2077124902	female
0.2145227297	female
0.2011449935	female
0.2059495138	female
0.2106567041	female
0.2076554818	female
0.2000841797	female
0.1951945925	female
0.201564613	female
0.1909706078	female
0.198073245	female
0.207359541	female
0.2000535401	female
0.2141021975	female
0.1967016178	female
0.1883737793	female
0.2049856011	female
0.1992580942	female
0.1973407404	female
0.1968604907	female
0.2014637458	female
0.1906875276	female
0.199282707	female
0.19040181	female
0.1781874388	female
0.1856823821	female
0.187497494	female
0.1979223002	female
0.2032181902	female
0.1906351496	female
0.2041140854	female
0.1889222468	female
0.1958612561	female
0.2061452662	female
0.2123691932	female
0.2031765742	female
0.1957968634	female
0.218014342	female
0.2042592577	female
0.1931647198	female
0.2201607413	female
0.23519694	female
0.2152334451	female
0.1956255322	female
0.1981853729	female
0.1846244221	female
0.211933515	female
0.1998239377	female
0.1961611942	female
0.2129334	female
0.2086192918	female
0.1957232256	female
0.2259662171	female
0.186698563	female
0.1960927338	female
0.2014212985	female
0.1945701185	female
0.1995459142	female
0.1873643165	female
0.1896857035	female
0.2059184061	female
0.2104705032	female
0.1931378786	female
0.2164441213	female
0.2071357571	female
0.2023529577	female
0.1884508956	female
0.1968726923	female
0.1778832537	female
0.186663706	female
0.1959828447	female
0.2094687377	female
0.1909374277	female
0.2117301857	female
0.1963643215	female
0.2104486303	female
0.1950797607	female
0.1930056202	female
0.1848898499	female
0.194083393	female
0.1901160646	female
0.1985996199	female
0.1861176106	female
0.1913060956	female
0.1848285223	female
0.1957504882	female
0.1847026316	female
0.1817488938	female
0.1816392285	female
0.1969093063	female
0.1863701178	female
0.1931116531	female
0.193460595	female
0.1942497512	female
0.1904084032	female
0.1913363267	female
0.1936052456	female
0.1841420371	female
0.1863085001	female
0.1910551657	female
0.1935079999	female
0.1875060645	female
0.1770984378	female
0.1855788917	female
0.1856353949	female
0.1904925334	female
0.1873955408	female
0.2023535773	female
0.1840616335	female
0.1815896924	female
0.2019037989	female
0.1881791873	female
0.1872835123	female
0.1764100811	female
0.1935233627	female
0.1885223876	female
0.1847621336	female
0.1931745331	female
0.1858272155	female
0.1847997013	female
0.1876157526	female
0.1886239971	female
0.194910192	female
0.1935988103	female
0.1813297912	female
0.1900438672	female
0.1964260444	female
0.1841884849	female
0.1914547145	female
0.1862299712	female
0.1850926282	female
0.1894498625	female
0.1886873004	female
0.1935947792	female
0.1821676177	female
0.2136258948	female
0.1804330567	female
0.1853283245	female
0.1840264287	female
0.1842242803	female
0.2374167873	female
0.2329432352	female
0.2342402236	female
0.221881519	female
0.2308866453	female
0.2319644753	female
0.2256979802	female
0.2313432311	female
0.2290571858	female
0.2232055847	female
0.2310108542	female
0.2358208996	female
0.231453669	female
0.2320981184	female
0.2307188225	female
0.2297661124	female
0.2249507217	female
0.2361467831	female
0.2316861867	female
0.2296613371	female
0.2414336453	female
0.2381032249	female
0.2374968114	female
0.2317324982	female
0.2338671177	female
0.2375683299	female
0.2327814609	female
0.2330978358	female
0.2263972576	female
0.236347597	female
0.2432721416	female
0.2306874519	female
0.2270520243	female
0.2330107185	female
0.2283115527	female
0.2297179668	female
0.2336520256	female
0.2333011913	female
0.2309672911	female
0.2187584581	female
0.2298892787	female
0.2246981802	female
0.2435280366	female
0.2353506745	female
0.231767655	female
0.2271124288	female
0.23918175	female
0.2398201056	female
0.2273059067	female
0.2337442148	female
0.2344817802	female
0.235183452	female
0.2363647342	female
0.2315954588	female
0.2301442739	female
0.2262411362	female
0.2330619512	female
0.2301255539	female
0.23433555	female
0.2344859772	female
0.2123295905	female
0.2195971954	female
0.2145558625	female
0.2083052471	female
0.2131446973	female
0.2098648462	female
0.2093315502	female
0.2048215014	female
0.2176753545	female
0.2145225958	female
0.2001424154	female
0.207665201	female
0.2062330146	female
0.2103786544	female
0.2166212537	female
0.215884644	female
0.2134982945	female
0.2185628788	female
0.2014988535	female
0.2154465671	female
0.2106606195	female
0.2110537895	female
0.2091990923	female
0.2091677323	female
0.2133085287	female
0.2119793822	female
0.2088153008	female
0.2056114751	female
0.20206818	female
0.2100821634	female
0.2087884116	female
0.204749912	female
0.1990789065	female
0.2121407139	female
0.2142838213	female
0.210882506	female
0.2144138938	female
0.207049945	female
0.2103952891	female
0.2145943489	female
0.2112712127	female
0.2029321308	female
0.2125783616	female
0.231192665	female
0.2177369731	female
0.2217801248	female
0.2167555359	female
0.1955951014	female
0.206082608	female
0.2121196599	female
0.2184445652	female
0.2311905442	female
0.2065344811	female
0.2063534849	female
0.2273353588	female
0.2217918127	female
0.22123949	female
0.2166320761	female
0.2249021362	female
0.2268244921	female
0.192547293	female
0.1733723	female
0.1482971952	female
0.182471413	female
0.1825972958	female
0.1817912088	female
0.1866873118	female
0.1767457871	female
0.1642527506	female
0.1803737343	female
0.1689806894	female
0.1612497615	female
0.1564515995	female
0.1597969746	female
0.1571650924	female
0.1686909845	female
0.1777613583	female
0.1878927512	female
0.2059452942	female
0.1907733085	female
0.1929108701	female
0.2213023771	female
0.1858244791	female
0.2022164285	female
0.2070885171	female
0.1974042915	female
0.1809541715	female
0.167043881	female
0.1572356184	female
0.1526844698	female
0.1790398159	female
0.1388694863	female
0.1348382458	female
0.1323498462	female
0.1214559021	female
0.1343247105	female
0.1724395029	female
0.176208003	female
0.1738984414	female
0.1687411196	female
0.1719862562	female
0.1792662484	female
0.1766093838	female
0.1790498732	female
0.1665615201	female
0.1741732734	female
0.1734276696	female
0.1703985479	female
0.1646239005	female
0.1808797134	female
0.1768618563	female
0.1750522992	female
0.1701900978	female
0.1793922581	female
0.1681362695	female
0.1699431898	female
0.1732421028	female
0.1720767909	female
0.1798891956	female
0.1771954431	female
0.1783751799	female
0.1808488575	female
0.1761953354	female
0.1777979242	female
0.1735255181	female
0.1691988824	female
0.1694659114	female
0.1716623779	female
0.169204466	female
0.1705001689	female
0.1673823435	female
0.1724610648	female
0.1738613017	female
0.1776554171	female
0.1741798194	female
0.1664221047	female
0.1731836393	female
0.1722603769	female
0.1775479109	female
0.1727297067	female
0.1727041256	female
0.1746724023	female
0.1709042811	female
0.1721195684	female
0.1740519196	female
0.1753612867	female
0.1730378547	female
0.1707818344	female
0.189334115	female
0.1971481029	female
0.2051765208	female
0.2100294349	female
0.1966234386	female
0.2028367084	female
0.2012035722	female
0.2162580746	female
0.1938889661	female
0.193070343	female
0.2079161352	female
0.2090036483	female
0.1943063264	female
0.2028605055	female
0.1990429856	female
0.217799975	female
0.1849840869	female
0.1988577678	female
0.2112479203	female
0.2104984002	female
0.1781939992	female
0.1922810468	female
0.2061071008	female
0.2093374672	female
0.1924868814	female
0.2064741958	female
0.2096562136	female
0.2298544761	female
0.1953598402	female
0.2050743833	female
0.2122714723	female
0.2088936022	female
0.1859402171	female
0.1986375268	female
0.1951456849	female
0.217378344	female
0.197523357	female
0.193757149	female
0.196158955	female
0.2237238441	female
0.1927522881	female
0.2012433187	female
0.200066259	female
0.2197871603	female
0.1976376112	female
0.2058134346	female
0.1879731523	female
0.2091625082	female
0.1897486903	female
0.1993171138	female
0.1948476752	female
0.2128062209	female
0.1621523445	female
0.1622469375	female
0.1592508098	female
0.1655005927	female
0.1585395564	female
0.1551102628	female
0.1635565524	female
0.1601502471	female
0.1616527543	female
0.1641502595	female
0.1611198865	female
0.1579459812	female
0.1639766304	female
0.1611137486	female
0.1611555334	female
0.1574104862	female
0.1621675851	female
0.1638137196	female
0.1541633371	female
0.1590992086	female
0.1559642016	female
0.1607229331	female
0.1614144569	female
0.161496104	female
0.1681309027	female
0.1623360901	female
0.1601551799	female
0.1639456559	female
0.1585272506	female
0.1667376175	female
0.1608166799	female
0.1573238539	female
0.1643108683	female
0.1591837189	female
0.1518185136	female
0.1609536348	female
0.162708821	female
0.163728076	female
0.1622737997	female
0.1607611094	female
0.1631209378	female
0.1573257114	female
0.1546477475	female
0.1583690175	female
0.1620614736	female
0.1584064385	female
0.1602676233	female
0.16162899	female
0.1637181998	female
0.1631404942	female
0.2092849599	female
0.214301349	female
0.2163320536	female
0.2113995724	female
0.2230773591	female
0.2079588552	female
0.2170272625	female
0.2025752445	female
0.2098224896	female
0.2122875158	female
0.1905123477	female
0.2069275441	female
0.1822378478	female
0.180979303	female
0.2123261796	female
0.1933887499	female
0.1998629536	female
0.2075608746	female
0.2008198587	female
0.2062071486	female
0.1297739713	female
0.1218370642	female
0.1201831227	female
0.1320174624	female
0.1346255517	female
0.1144766735	female
0.1127692414	female
0.126438849	female
0.1173495031	female
0.1047930803	female
0.127633058	female
0.0912499797	female
0.0824037606	female
0.1246947555	female
0.131565985	female
0.1088884548	female
0.0904448087	female
0.1375073304	female
0.1131477296	female
0.1497309256	female
0.1896139744	female
0.2000969683	female
0.1785725028	female
0.2018058718	female
0.2036266945	female
0.1836672603	female
0.1687943682	female
0.1517709617	female
0.1706559144	female
0.1460233626	female
0.1318837344	female
0.1162209221	female
0.1420562557	female
0.1436587448	female
0.165508946	female
