Aggression	Television	Computer_Games	Sibling_Aggression	Diet	Parenting_Style	Sleep_Quality
0.3741604306	0.172670536	0.1419066863	-0.3282163698	-0.1103028485	-0.2790339127	0.2066
0.7711534017	-0.0328718424	0.7099182216	0.5768366666	-0.0229902994	-1.2481665438	1.7269
-0.0977275768	-0.0744602055	-0.3901405564	-0.2171840518	0.2803005007	-0.3280629745	1.2263
0.0159353083	-0.0044266314	-0.4080803596	0.0462232545	-0.2634792277	-1.0051193078	0.0177
-0.2753845901	-0.6752386899	-0.2777778051	-0.8910453769	0.2265813915	0.4894778161	1.2458
0.1578532986	0.2024801351	0.3215082906	-0.1537126201	-0.3686381854	-1.7409822832	0.0407
0.1262169953	0.1866642015	0.3062659323	0.5117822149	-0.6609660535	0.0922943789	1.9324
0.0059304364	0.0500436597	-0.1049182451	0.1130537523	0.0031541701	-0.2178738898	1.6008
-0.2055873398	-0.4304800303	0.0023035115	0.2349428551	0.3870177584	0.1129053913	1.1466
-0.3301113668	-0.3203888684	-0.6783588807	-0.085675287	-0.4137578634	-1.7947966869	1.0756
0.3265835099	-0.0454175729	-0.6633550896	0.1628854915	-0.302357319	-0.375942492	1.6113
-0.5072110768	-0.3248550526	0.0592849636	0.4801764628	-0.10531288	-1.4249264513	1.4441
-0.3706902416	0.3654682118	0.0862239651	0.1542817137	0.2745317721	0.4274410865	1.471
0.0767073381	0.2081480712	-0.0600473793	0.284757668	0.0475712722	0.2168018093	0.3448
-0.4722696109	-0.2280854937	-0.0267571505	-0.4082948709	-0.2735501122	-1.7470151473	1.7095
0.1431172324	-0.0036077957	0.0068914357	0.1625594301	-0.0790476391	0.410699042	0.4653
-0.0853877548	-0.0693593869	0.0390665557	0.0035166537	0.1739035365	0.0188327831	1.5779
-0.1744432803	-0.6257053845	-0.0512016924	-0.4880733281	0.6641709354	0.1706656688	1.4934
0.0378177728	-0.3309342797	-0.5748351426	-0.3461785246	-0.2522768139	-0.5662308888	1.3577
0.2906950108	0.3160855649	0.2050464811	-0.0644654486	0.3852600968	2.2814277785	1.8554
-0.1432279981	-0.0040084836	0.3626433087	-0.040392235	-0.8614759853	1.59329494	0.6876
-0.0241137158	-0.060912765	-0.1635743347	-0.2156410311	0.5883571824	-0.3569097314	1.2321
-0.2649527622	-0.5942145063	0.055180427	-0.0801129636	-0.7438452509	-1.1751870543	0.1475
0.1262836032	-0.1466854933	-0.352619048	-0.1250495538	-0.2692969207	-1.2552446725	1.4797
0.0786275475	-0.1168581514	-0.1344265865	0.1169766883	-0.025600582	-0.6658010949	1.6816
-0.0440503588	0.1222634439	0.0288388869	0.0547118146	-0.0021223465	-0.1394209344	1.1361
-0.0929384687	-0.2271789361	-0.0116242156	0.1742995733	0.4419124268	-0.6187888752	1.4838
-0.032169465	-0.0870520905	-0.4342815076	0.0023958039	0.0612111683	-0.7572575119	1.1172
-0.5001596815	0.4025719661	-0.4648586821	0.3350338901	-0.2211847327	-0.9840016017	0.0945
-0.091887817	0.4219842731	0.4670932937	0.0091686976	0.6347815373	0.652721939	0.2227
0.0822528438	0.4166588959	0.6266883095	0.7884955712	0.6985530702	0.5563500099	1.3127
-0.0848146417	-0.0070889279	-0.0980691786	-0.0994922084	-0.0303712334	0.46218651	0.8838
-0.5967644417	-0.2713687834	-0.1235221479	-0.2959809748	-0.3188035113	-0.862799629	1.3567
-0.4962858898	0.2954208766	-0.3580814971	-0.0259231991	-0.0301140167	0.6400502583	1.9704
-0.3663273564	0.1461567425	0.2589382299	-0.0415935506	0.056721207	0.3112119358	1.552
-0.5513369325	0.4244108777	-0.2881297011	0.1697963099	0.0245592139	0.7222775186	1.5792
0.0700481795	-0.5460042595	-0.4886449595	-0.480355334	0.308218099	-1.8751808946	1.9661
0.2149678048	-0.0341228745	-0.2198807223	0.0028907485	-0.0323028205	-0.2357258798	0.8923
0.0486762259	0.36431457	0.8894362056	0.2584823277	0.6676448577	0.3361215003	0.3042
-0.0025200553	-0.193834265	-1.1538345479	0.5571521311	-0.1149771641	1.4154522655	1.1479
0.0792230399	0.0646414279	-0.0248624519	0.0320495979	-0.0424258432	0.0018039152	1.7595
-0.0182463134	0.245673003	-0.0665633242	-0.7742889894	-0.3434856326	0.2901570021	0.8857
0.3918745731	0.2148696384	-0.0879048454	-0.2538691364	-0.0336015986	1.5735747484	0.7454
0.1322664243	0.1023528999	0.2444483364	0.1147709459	-0.1583863329	0.5578718384	0.0016
-0.9309839249	-0.1469573013	0.5850383213	0.1439141233	0.1341567423	-1.0470960564	1.0512
-0.034006708	0.2165675927	0.1994123579	-0.0232753692	-0.1836110066	-0.5870356113	1.351
0.843769636	-0.5333718701	0.6267429144	0.0061937922	-0.0542530974	0.2386578223	0.2118
0.0005352869	-0.339253544	0.0233747477	-0.7584605975	-0.4688344154	-0.2389274893	0.5599
-0.3375413962	0.1097866846	-0.0096058256	-0.2631300102	-0.0479434708	0.8368768938	1.1709
0.1753279672	0.2536142246	0.6100362013	0.1401735949	0.1354166289	0.338680471	0.9987
-0.1323744081	-0.199935905	-0.304095732	-0.6869822996	0.1631679439	-1.2173549205	0.4888
0.2311118018	-0.0091991643	-0.2345522321	0.1229415641	-0.574558703	-0.1171037567	0.0855
0.0558641433	0.0606146486	0.000883951	0.0155013769	0.0051100687	0.1818540412	0.8755
0.1374658035	-0.1724020237	0.6794423527	0.6402963071	0.6644185632	1.3283413974	1.9479
-0.0285486722	0.0964504338	0.3220500778	-0.0175873506	0.0683606141	-0.9700881912	0.679
-0.5805061866	-0.046475714	0.0802620052	0.0532341008	0.1712804628	-0.1100276459	0.2237
0.0331635175	-0.1711575135	0.2821511993	0.2859914529	0.2981982046	-0.7451610609	1.6209
0.1963589741	0.0459465741	0.2559056065	-0.1848558584	-0.1091220897	0.314419449	1.9917
0.7118389357	-0.2587689544	1.0762741238	-0.5654737249	0.3719008396	2.4579127607	1.3186
0.1677369617	0.0585438815	-0.0908843246	0.0901079883	-0.2087591974	-0.2936284946	0.5948
-0.0429028486	0.2099038214	-0.4120834391	-0.4999034135	-0.1351871315	-0.6427409302	0.2119
0.3654162599	-0.0664672828	-0.0161465173	0.4624676352	-0.4374947744	1.8377377939	1.6022
-0.185516503	0.1033553245	0.0315670076	-0.0068039758	0.1469370975	0.3145698654	1.3682
-0.1203626629	-0.1326294126	0.0855328187	0.1939740163	0.1108539598	0.0140060041	1.5287
0.4010199255	0.2153052681	-0.1218876703	0.051445444	-0.87880235	0.6306696716	0.2394
-0.1477831197	0.2252714368	-0.0717951334	0.3107127293	0.1918372275	-0.8631940114	0.4495
0.0533150208	0.0317201864	-0.0807886664	0.2193090859	0.1214331403	0.4126728661	0.5639
0.0912096539	-0.0492892464	0.1509307139	-0.5546796758	-0.2710712917	0.1213098947	1.4359
-0.0326031393	-0.0574105244	0.1372914794	0.0056411843	0.0153162252	0.0619331579	0.1701
-0.1802400437	0.1941192604	-0.1231727774	-0.0058009011	0.0174048035	0.0465674527	1.3577
-0.8604236516	-0.3273499569	-0.102285243	0.0884544099	0.3403471915	-0.6988965215	0.779
-0.3120016048	-0.7273898757	-0.8397756689	-0.122559748	0.8107831718	-0.9715371059	1.4831
-0.099777522	-0.2596726758	-0.0708754291	-0.0398230882	-0.0220279054	-0.4505592396	1.6297
0.0685205302	0.5438946299	-0.9466310509	-0.5960623081	-0.2319552181	-0.8587398614	0.9724
0.7374707441	0.0510453831	0.0680426064	0.742478946	0.3607529282	0.9243197063	0.1887
-0.6352701534	-0.8334474947	-0.8760817716	-0.6285698964	0.1136916649	-2.1341693308	1.9018
0.0344794771	-0.155815638	0.184737738	0.2411348915	0.3734873442	0.7700146787	1.9573
0.0593171165	-0.4537242917	-0.2100481973	-0.2246332705	-0.0194021383	-1.155193075	0.3043
0.1607140129	0.422143411	-0.1552587229	0.4907846857	1.1850195098	1.7808455028	1.3613
-0.2767139442	0.0194597733	0.0219944279	0.513749157	0.0493687587	-0.5959015969	1.9446
0.1469252514	0.0166677777	-0.24349604	0.1428569114	0.2126019297	0.2005201865	1.1399
-0.0817527805	0.0800527252	-0.5206204606	0.0070676646	0.4137096894	1.6679693861	0.3458
-0.3293129148	-0.0971056312	-0.2002687942	-0.0282905116	0.3371276855	-0.474099941	1.4059
0.0382308303	0.0055680935	0.0353635561	0.0216543806	-0.0336157461	0.1269483639	1.2485
0.1133754552	-0.1088707012	0.2358711601	-0.014496257	-0.0630626295	0.3620218753	1.7626
-0.0057270838	0.0386881256	0.199708422	-0.559272937	0.0344742174	0.4098207798	1.9826
0.3885082148	0.1552136582	-0.1216961233	-0.1568693179	-0.4020435348	0.4469376296	0.4154
0.6188467219	-0.4302752187	-0.0891314753	-0.1075709599	-0.7754697171	0.2983259417	1.1325
0.1869130186	-0.2770975882	0.1501134712	0.427160898	0.1636077416	-0.6843457632	1.3237
-0.1528106141	0.1952039832	0.0884480704	0.3623779341	-0.0447236419	0.5516733415	0.1209
-0.1822305348	0.0188611739	0.0987104101	-0.0130577388	0.2582329227	0.1045750295	1.574
0.2737106769	-0.0956999816	-0.5157283757	-0.4640734201	-0.1316273882	-0.9002911478	0.5604
-0.1504980187	-0.156055893	-0.0017208686	-0.4792878974	0.0210630058	0.4383993591	0.1871
-0.0835995698	0.0098911654	0.3373782476	-0.2724532492	-0.0816980182	0.0615383978	1.9214
0.1903405073	-0.6708989893	-0.1670881724	-0.0562444745	0.4159968543	-0.2661239242	0.1795
-0.1089465153	-0.222481839	0.0488860819	0.0579462904	-0.1423411714	-0.4242928696	1.6426
-0.0007508852	-0.2694977111	-0.2807372716	-0.0115207304	-0.3463953851	-0.4932762249	0.8567
-0.287821246	-0.9622032489	0.3441907074	-0.129674829	0.4442503705	-1.5501450673	1.9032
0.1412167846	0.9816151098	-0.322187985	-0.1845771716	-0.0049473977	3.9932561065	1.7912
-0.351580123	0.0093033896	-0.0430596234	0.2397467843	-0.072313333	-0.381433737	1.6359
0.5426697346	-0.1055779648	0.4355912642	0.4255046001	-0.3336463609	0.6253638087	1.1492
-0.2839233635	-0.359113776	-0.1998052415	-0.4927855582	0.2097143351	-1.4772543357	1.4645
-0.122391905	-0.4745302825	-0.2485230046	0.1441863594	-0.6190871901	-0.7965512343	0.9175
-0.0643003248	0.1067270811	-0.0029232401	-0.0221324824	-0.370983106	-0.564560038	1.7682
0.3188455529	-0.1821160449	-0.748119376	0.0169365203	-0.2582203223	-0.1224140283	1.9378
0.0875579516	-0.0112318711	0.2108532203	0.212548236	0.2797650594	-0.0457459757	0.1244
-0.1295479063	0.0982446056	0.0599462643	-0.062205187	-0.0315910933	0.1788578141	1.7902
0.1426852602	-0.0833923067	-0.2612280333	-0.2566181862	0.0725453578	0.3401186564	1.0109
0.1506537748	-0.018437464	0.1883571025	0.0296541426	0.0692797059	0.971830766	0.333
0.0423224732	-0.0859877501	-0.0001194598	0.1252848972	0.0468352925	-0.0963731795	0.4867
0.6024767501	0.1569191541	0.0933976512	0.2550829084	-0.1433815496	1.6878118082	0.7024
-0.0194285898	0.0766580568	0.2185493185	0.0284516269	-0.0183414833	1.6615830823	1.6727
0.003533504	-0.1221305802	-0.6273420009	0.073152925	-0.2487058835	-3.8068741681	0.6006
-0.0272965925	-0.2087390757	0.3286624979	0.1857145743	-0.0446812732	-0.0013400794	0.9682
-0.4197285478	-0.1900069305	-0.298980507	-0.2065603016	-0.0429274342	-0.719083446	1.3527
-0.1070995849	0.0108336093	0.3263289741	0.2706381427	0.1799942285	-0.6024009791	0.654
0.1960618003	0.2798054292	0.2927895866	-0.2821416732	0.161870138	1.7977272579	0.3425
-0.447317968	-0.7899307096	-0.4053122441	-1.0835023523	-0.8249112476	-3.0137815164	0.1003
-0.2316762627	0.0744240777	0.010468742	0.0103722713	0.3490781013	0.9706290528	0.0336
-0.0538205551	0.224713248	-0.0622920869	0.0063205847	-0.0058632959	0.2838582407	0.3848
-0.1063268577	-0.1259356832	-0.195702239	-0.2611954221	0.3594325559	-0.2458251241	0.584
0.0420625354	0.0927011062	0.0680622626	0.2162149111	-0.2969280064	-0.0090971788	0.8226
0.0036784235	-0.0471884762	-0.1962592394	0.2839172597	0.112407411	-0.0634486106	0.8969
-0.0409467493	0.3154773088	0.3420964194	0.2415131231	0.4718551241	0.1547334287	0.5616
0.3096537879	0.3416471295	0.234894676	-0.7092483823	-0.2328914544	-1.4554040106	1.4188
-0.0629052197	-0.183431197	0.0743741964	0.3060688855	-0.1072203458	0.3824952292	0.292
-0.0511341678	0.1326642133	0.0036519773	0.0300881845	0.0648171712	0.1709474799	0.7972
0.1159587043	0.7290565868	-0.2077866526	-0.352157939	0.6682041848	2.9821030743	1.5052
0.0982706238	0.2887102902	0.0562565072	-0.3554423359	-0.2330771044	0.9533725444	0.5453
-0.0862899424	0.5009184471	-0.0962464029	0.1874835602	0.2777935453	1.5154059687	1.2567
-0.0779240095	0.0715189418	-0.2178879464	-0.2156141649	0.0828875199	0.3137465465	1.4405
-0.0822070159	0.0163375894	-0.0859049923	-0.2574341936	-0.199720325	-0.5807815926	1.0225
0.0922279112	0.0912313718	-0.2437673905	0.1676734618	-0.198177039	0.6024093656	0.6688
-0.009985708	0.3679894104	-0.170444679	0.3593017709	0.0638809582	1.533382299	1.5777
-0.0263618406	0.0392326551	-0.571279128	-0.595881062	0.0526629383	-0.7260348088	1.5331
0.3122641941	0.3663762055	0.0463524533	0.1390590895	0.2552721671	1.4378492452	0.5007
-0.3880857363	0.1448097026	-0.4075325749	0.8965622412	-0.3279420468	0.1970706481	0.9248
0.164306586	-0.2706628697	-0.084593242	-0.3256129219	-0.0438001675	-0.6673842174	0.688
-0.4109654745	0.2750194183	-0.5149510151	-0.16116758	-0.7232329208	-1.0583899228	1.1939
0.1527854868	-0.2765704352	-0.3557523059	0.1070856507	-0.3202190109	-0.1908145831	1.9343
-0.0746873069	-0.0445893365	-0.0383910312	-0.025122072	-0.026434782	-0.0223438981	1.4147
0.0786150457	0.2220565219	-0.0722205745	0.2573602801	0.3601751611	1.3680537453	1.1324
0.1700547358	0.2507922583	-0.080001767	-0.2045101536	-0.7014421854	1.1713589552	0.4897
0.638306722	-0.2736909326	0.8532273636	0.1393651738	0.4528563595	0.4549402714	1.2054
-0.2996953108	-0.1525592427	-0.2244699874	0.122851006	-0.0779549354	-0.9555442176	0.8013
0.0133814228	-0.0859764607	0.0120912104	-0.0147092105	-0.0170595379	0.0670161609	1.0094
-0.0028246213	-0.0596715904	-0.1037870925	-0.06679047	0.0323300683	0.3523132302	1.3935
0.3723383405	0.2304946964	0.187840022	0.5949623892	0.3899408709	0.7843845669	1.0081
0.0887501742	0.2475892985	0.0187316333	0.1917536982	0.3339058857	2.0555113337	1.8563
0.6158279559	-0.1794525443	-0.1438163477	0.337002793	-0.5992524524	-1.0334894317	1.1496
-0.1403824662	-0.257086912	-0.2892024873	-0.1504353359	0.0732681376	-0.3647360787	1.3635
-0.1148377487	0.0184849689	0.434567222	-0.3746288279	0.2089333081	-0.022485663	0.5063
0.0019816707	0.0886841643	0.0713698787	-0.0636334715	0.2959717288	0.8196201523	0.0418
-0.0702315934	-0.090569229	-0.0686052203	-0.1074116187	-0.1834237305	-0.2603079887	1.712
0.6874540337	0.4438463172	0.1735264279	0.4355011024	0.6989406919	1.6744170491	1.4884
-0.1232811336	0.1703487021	-0.0865801527	-0.0541690135	0.0021645004	0.3406636803	0.8894
1.1274660802	-0.0683458809	-0.0803277227	-0.607667712	-0.5130913007	-0.6510644039	1.827
0.1743852588	0.4356102233	0.1709487394	0.2502950681	-0.3666354337	0.8866630388	0.4617
0.0505466671	0.5266480078	0.265635566	-0.1259759117	0.6449872382	0.4321329108	1.3259
-0.3544996363	-0.3489415844	-0.1136327544	0.0782285838	-0.0531527988	-0.864296471	0.4519
-0.1197523454	-0.0238972516	0.1682618823	-0.0595912425	0.1083192944	0.5054896476	1.8988
-0.126862725	-0.3262282784	-0.1044651136	-0.1277716504	-0.0245288435	-0.2989735884	0.0214
-0.6818934779	-0.0029287722	0.4248538901	0.2410916059	1.2238301996	0.2993353449	0.8876
0.3951797731	0.2156751919	-0.0372665458	0.3271904972	0.0770176362	-0.3034222873	0.2529
-0.0243522514	0.0769137738	0.056602184	0.0983083904	-0.2362598092	-0.3581971204	0.7912
-0.411077573	-0.0933557849	0.2924820537	0.0616395767	0.4727632503	0.2780364674	0.362
-0.2452403165	-0.6012508591	-0.8481259235	0.0417380139	-0.5676168781	-1.1629823545	1.7455
0.070960848	0.1467422723	0.0004211687	-0.1479575189	-0.0573509274	0.5915977963	1.1432
0.8516367286	0.079240116	-0.9257510294	0.737122831	0.0295687254	-0.7546989251	1.625
-0.061397979	-0.5154179694	0.6841217373	-0.1724265731	0.0473023972	-0.0845827343	0.0986
-0.2171476056	0.1079927956	-0.1185216978	-0.0847894583	0.0134876702	0.414673155	0.4447
0.0366745414	0.1176939305	0.6261255559	-0.0410887234	-0.5111571075	0.0989194591	0.7904
0.3294819595	-0.8044779957	-0.4212823811	-0.21838428	-0.1986147278	-1.1603061921	1.9886
-0.0898046684	0.3509186925	0.3222939193	0.2882544326	-0.0778388876	0.3295051438	0.4094
-0.0056197272	0.2711446463	0.6514222605	-1.0806176363	0.3286179982	2.8896681692	0.0629
0.048643487	-0.0286385361	-0.0538477993	0.0077495313	0.0392134838	-0.0039803897	0.8248
0.1780448757	0.2046189334	-0.2975123183	-0.0249049739	0.3051906498	1.4570770214	1.4306
0.3934197543	0.0392488627	0.1835437819	0.043286373	0.2892055502	2.1414927187	0.7549
-0.004789167	0.5888615752	0.2301785653	0.7652743144	0.4567063464	1.1476085022	0.6573
0.0262055901	-0.046283782	-0.1354622127	0.1153103421	-0.0470175374	-0.1097950355	1.6695
-0.2322598179	0.3340740447	0.1623769593	0.3218456692	0.326613424	2.0316124882	1.5704
0.8069398501	0.1436520371	1.2408148082	1.1036712875	0.7929060107	-0.0213407962	0.0373
0.1463822149	-0.1334879275	0.1782061147	-0.0013262397	0.0338720564	-0.2566248456	1.1154
-0.2197825594	-0.152708153	-0.0853178959	-0.2524252302	0.1831300862	0.4804216356	1.1699
0.283614624	-0.2154085181	-0.047892101	-0.1010769751	0.1139330287	0.1442028758	0.9198
0.1740843007	-0.0370142655	-0.0868749821	0.0614577378	0.0211355487	-0.4711273749	0.1073
0.5283159864	-0.3370436198	0.3147903625	-0.0397394892	0.5604182585	0.038034812	1.3661
-0.5820680765	-0.1756230719	-0.0577997355	-0.0944507512	0.2312827668	-2.0189984845	1.4082
0.0226605015	-0.1805802549	-0.1920411722	0.0973331898	0.591316594	-0.1578710469	1.8134
-0.1191873565	0.033560604	-0.2244215106	0.1446660099	0.0129380169	0.0227316039	1.5883
-0.0640345345	0.152885404	0.0974827148	0.0362927203	0.1675465499	0.2623495848	1.6958
0.0957767609	0.1089843373	0.140823806	-0.1138347941	-0.0318389092	0.6242244288	0.4044
-0.0466678304	0.1447155732	0.1079858704	0.051018814	0.2614788285	0.4447871723	1.5041
-0.1476389942	-0.2662107497	0.2042615236	-0.3880268464	-0.158772074	2.1228702028	1.4948
0.1071745602	0.0833044453	-0.051461691	-0.2969963717	-0.1396898836	0.0276001115	1.2899
0.1382771493	0.1962015923	0.5663295146	0.2208541037	0.235370164	-7.24383836104719E-05	1.1363
-0.1364217333	-0.4087679208	0.1276756587	-1.4331265652	-0.2643722872	-0.0394676552	1.722
0.1332842244	0.0400060241	0.1115239654	0.2778580823	0.2698984253	0.2757739449	0.0946
0.5810483572	-0.7362336503	-0.5107621627	-0.1948394084	-0.7541193553	-2.8454842116	0.6588
0.7485018645	-0.4623828937	-0.7136604141	0.3199260305	0.1587022014	-1.3265185354	1.9058
0.4969704167	-0.2212180117	0.6212588897	-0.0446455355	0.3987135569	-0.580577157	1.127
-0.1629789445	-0.0290701936	-0.0355072393	0.1020684819	-0.0163725607	-0.3480950516	1.0662
0.0020025257	0.2771441071	0.0287227835	-0.148440649	-0.2720057549	0.2882318198	0.5224
0.6264143073	-0.1175260884	-0.0210434694	-0.1288990734	-0.016192023	0.1017097498	1.0567
0.4033431541	-0.1315109106	-0.0548908508	0.2234812683	-0.2692131199	-1.2095506655	0.6516
-0.5259209842	0.149911284	0.018882787	0.2486741833	-0.0142217275	0.5125723552	1.5116
0.2081723935	0.0879125364	-0.2207394248	-0.0601203863	-0.2900816997	-0.1053361221	0.6911
0.127599051	0.1418539627	0.1419717042	-0.1954799795	-0.3190894408	-0.210064977	0.5964
-0.1339945878	0.0070422741	-0.0539253707	-0.0598283463	-0.014301566	0.1660155201	0.2014
0.2952766003	-0.1451191949	-0.040803945	-0.3127859226	-0.0549782613	1.3036216611	1.4054
-0.0003200268	-0.41414393	0.3759145316	0.0837609848	0.4515521489	-0.3603819059	0.4403
-0.3012269034	0.3849311196	0.0696717943	0.3834659702	0.5813576403	1.0308025479	1.2671
-0.0203331926	0.058460083	0.108574953	0.1208927306	0.0909852943	0.5060531458	1.4593
-0.4674029285	-0.229712798	-0.1097090597	-0.4233179287	-0.2418743198	0.0330145239	0.9127
0.1017719762	-0.0164521553	-0.0662546541	-0.0934532415	-0.0795476295	-0.7736535239	0.5549
0.3355250613	0.4219884632	0.8789738959	0.0100738042	0.4319034734	1.9854650115	1.2893
-1.2956084279	-1.4601244292	-0.9996133279	-0.3322458266	0.2129132115	-4.2207003736	0.702
0.1297009726	-0.1349579588	0.1080483985	-0.4772450478	-0.0825632344	-0.4336392365	0.3636
-0.338274612	-0.6518132703	-0.5936256916	-0.0877568611	-0.4471024159	0.2666535384	1.7581
-0.1933291383	0.2459581608	-0.2954351027	0.0686806067	0.0124894568	0.5261349781	0.8664
1.1380319509	0.2609613866	0.6719361971	-0.2205022025	-1.2849027746	-0.9787157595	0.2801
0.1944873217	0.1533390198	-0.200049374	0.2742464307	-0.1264444419	-0.7045797232	1.1766
0.364544585	0.0186075887	-0.122735517	-0.3322768123	-0.176256859	0.6497472319	0.7292
-0.402527975	-1.0631633427	-1.0508427273	0.2851345742	-0.2286808125	-3.0143007366	1.4428
0.3236139536	0.374700792	-0.0251491339	0.323006668	0.4320910974	2.1482582898	0.8589
-0.0572469414	0.4512864239	0.1411732048	-0.4827995402	0.062229261	1.3387161541	0.3721
0.036046551	-0.0878693278	-0.2350076529	-0.2451087612	-0.1252964672	-0.4869355394	0.8706
-0.1952470453	0.0666061975	0.196008474	-0.0068379966	-0.2467209367	-0.638614434	1.1051
0.0187441528	0.7562061846	-0.3970593243	-0.5651460113	-0.3459582177	0.0371440582	0.2981
-0.1505079306	-0.4201035422	0.1259547238	-0.0820931145	0.4877846572	-0.8296357225	1.5276
0.007683728	-0.0681868657	0.0883012585	0.0302196331	0.0662540739	-0.2342601058	1.6948
0.657427966	-0.0052402971	0.3228969648	0.0069560457	0.1716024281	0.6548193552	0.396
0.4646672615	-0.3314573629	0.6103419429	0.3635931352	0.1994244877	0.4055988135	1.6067
0.0678050153	-0.053581825	0.0790579922	0.046371913	-0.1238109355	0.0466059441	1.046
0.414583406	-0.3701460812	-0.7365259946	-0.0006845178	-1.0025580742	-0.1320233951	0.6374
-0.1092167321	-0.0163769182	0.3119515878	-0.2155499962	-0.2022353043	-1.0407827737	1.9025
-0.2849313081	-0.5933036782	0.1680055493	-0.2030876755	0.2205770156	1.305379452	1.2168
-0.2480557577	-0.0227834726	0.1814776185	0.5526958994	0.2017146471	0.6313331403	1.7376
-0.2747674185	-0.1671858788	-0.3974918719	-0.0258686507	0.3099483314	0.6812938485	0.5407
-0.196976812	-0.3264900679	-0.647705188	-0.3923431788	0.4886670329	0.5598353438	1.0603
-0.3774933991	0.0193923341	-0.1795790351	0.3270945919	0.2652647162	-1.2312503052	1.751
0.5482264479	-0.1968648798	0.8030416152	0.0691031829	-0.4448494413	2.6342324797	1.323
0.3478797933	0.2719882613	0.1551672509	0.2171446352	-0.134297095	-1.4516956607	1.7423
0.0350242946	-0.2186748234	0.0528676541	0.0535197673	-0.1828317761	0.3556046912	0.9228
0.0181244275	0.0145653223	0.0242389955	0.0614558271	0.0905659525	0.5059673964	1.6282
-0.1713821992	-0.4732524823	-0.0356609933	0.2288562344	0.9611816982	0.4303983709	0.9744
0.0558391829	-0.115319213	-0.0116428585	0.2800085774	0.0411880134	-0.2710074905	0.8419
-0.4035478125	-0.3145622851	-0.4785624846	-0.1347128382	-0.1812658889	-2.1124532157	0.2593
-0.1520228218	-0.2151445627	-0.1284579099	-0.3595723787	-0.2575592095	-0.7278300485	1.1566
0.0569314074	-0.0509304026	0.0091508185	0.1767435758	0.2505838279	0.7336462294	0.2353
-0.0709271922	-0.7545960927	-0.0142353733	-5.71640631142527E-06	0.1695781832	-1.8616289803	0.8693
0.0381869703	-0.0246702728	-0.0251584911	0.0136148722	-0.0361706639	0.1022592835	1.0657
0.0377233422	0.0313755941	0.0690079741	0.0364885075	0.014650568	0.0033047669	0.1964
0.2052950483	0.0204246425	0.0486768334	0.1018956211	0.2344078892	0.3192709588	1.1264
-0.0890634178	-0.7718045708	0.077300807	-0.407474886	-0.4762149376	-2.8242858714	1.046
0.2191252843	-0.661423757	0.81936805	0.3534691024	0.1246386916	-2.1615120657	1.987
-0.0096248498	-0.0235888217	-0.1766885795	-0.0082863173	0.0056433186	-0.3144713428	1.8696
-0.17840135	-0.3153026646	0.4051606874	-0.1584363892	0.0283409221	-0.9687231166	0.0374
0.0831734296	0.2507471196	0.4368061639	0.1361589006	0.3391031302	0.0745736285	1.7226
-0.0195951422	-0.0116238375	-0.0652486219	-0.0108404158	-0.0796163152	0.1190331047	0.2426
-0.3473407481	-0.4493527755	0.0359185574	0.5522350652	0.6069683116	0.3152126806	1.9354
0.3665242153	0.2399691676	0.5631931367	0.2204168013	0.42977752	1.0185808648	1.7265
-0.2353414919	0.4643888723	-0.0200497048	0.1605762792	0.1409513614	0.6649567127	1.0699
0.0467928417	0.4717955254	-0.0893239261	-0.115580144	0.313351553	0.9984274498	1.5086
0.3177060534	0.5868296686	0.25710268	0.1258007161	0.0505687757	1.3897426977	0.2624
0.586860531	0.6265408806	-0.2593863824	0.3927028648	0.2105096551	-0.3316843728	0.4611
0.2136098316	0.2320784194	-0.7556109815	-0.5404421841	-0.1235023809	0.6899236011	0.7952
0.1388488495	0.3202373056	0.6914104744	0.908910924	0.7051322458	-0.2174338341	0.2389
0.148691526	-0.1537386347	0.3029403892	-0.1697670381	-0.4661309944	-1.1963583993	0.5565
-0.732919991	-0.0873684744	0.6289976925	0.3044373044	0.0797903389	1.484800744	0.9077
-0.2596849641	-0.1602009581	-0.0113431986	-0.0910845255	0.0759809935	-0.126472408	0.6352
0.0257168685	0.212004955	0.174870728	0.1496776641	0.2818893213	0.5166002264	0.0244
-0.1627713255	0.2533934634	0.178101567	0.0042789401	0.0999886778	0.6556841977	0.6291
-0.0186972137	-0.1887708735	-0.1074308993	-0.1769856688	-0.1362958498	-0.1888749896	1.1613
-0.0269779914	-0.0066714917	-0.0387933174	0.0264925122	0.0249592541	0.0140337235	1.9942
0.0474730461	0.0848846738	0.3037127953	-0.2685918053	0.1880039216	-0.561073446	1.1109
-0.1180165474	-0.0270169823	-0.1382328005	0.1707668169	-0.1000491144	0.0537706564	0.4876
-0.3003026967	0.0273557733	-0.8842424356	-1.1519882146	-0.4604907209	-1.573005755	1.8084
0.2330306975	0.061700059	-0.0425759197	-0.1358877105	-0.0334074549	0.2924788638	1.9042
-0.3124352303	0.0359196374	0.1587410957	-0.0223653899	0.1323146714	-0.5466786894	0.8743
0.3081888421	0.5737057905	0.2335537666	0.1803003937	0.047112254	0.9606213961	0.3212
-0.173785497	0.0033746834	0.2224705329	0.3588611288	0.0364398376	0.177951086	1.0048
0.0339069897	-0.2706109925	-0.0780515716	0.1606966333	-0.0095285904	-0.4270444972	1.2356
-0.0438022065	0.2055799826	-0.1168845423	0.5639009077	0.3109931662	2.0611205368	0.1167
0.0813366976	-0.1031309819	0.2468464222	0.0190098594	-0.0256103291	-0.7041197818	1.7468
0.2840070389	-0.1726058759	-0.1240576371	-0.0877366467	-0.2497614226	-0.7774640964	1.4983
-0.4370227617	0.2031244577	0.0288037285	0.0650791184	0.0782146756	0.9570064066	0.7354
-0.1753015757	-0.0786231493	-0.190089905	-0.1019925845	-0.1305033621	0.6389768199	1.9548
0.042556662	0.3593352942	0.1929273267	0.0671894092	0.0750226044	0.6285410003	0.4243
-0.2572173289	-0.3220907096	0.2463436039	0.1264065606	-0.2625088671	-1.0114686042	1.0183
0.4082451932	-0.5595883247	0.3023107058	-0.0715606477	0.4547373805	-0.8892652167	0.8386
-0.201561284	0.277176159	0.2354708984	0.3807270653	-0.3509753471	-0.0849229058	0.8388
0.1829664141	0.1835767427	-0.3085996089	-0.0572120297	-0.0012662231	-0.2539307774	0.1556
0.1499168898	-0.1566038433	-0.436745843	0.0421470601	0.1282867405	-0.1626932792	1.4008
0.041082486	-0.1280369586	-0.3463606085	0.2869449654	-0.4145201577	-0.5384152707	1.2906
-0.0219813105	-0.4136337432	0.149124884	-0.180588449	-0.505403442	-1.1676439959	0.8686
-0.3486110177	-0.0907551091	-0.2564682614	-0.2566891517	0.1138440824	0.0181392116	0.4738
0.7661030548	-0.0065262542	0.9316966028	0.560320841	0.3039506607	0.3182933737	1.4198
-0.068840027	-0.1035915223	0.035815896	0.2070554073	0.0129887765	-0.757488056	0.4034
-0.1650355803	0.6613134971	0.1287887823	-0.1531443644	0.9797585575	0.2647602372	1.669
-0.2106518089	-0.6495600467	-0.3738203094	-0.2130435971	-0.7431090612	-1.6064355488	0.8862
0.0200650388	-0.0277336062	0.0809917788	0.0548916097	0.159078163	-0.1664373237	1.1142
0.0176011778	0.1560989368	0.2003188964	-0.4220308058	0.1615592873	0.7726097801	0.2437
0.3973208188	0.1007030272	0.1679281094	0.0871537883	0.3546314915	0.9337455268	0.3808
-0.0208050907	0.0085643883	-0.0907352974	0.1976107439	-0.0680437855	0.0954778378	1.6785
0.3354021367	-0.7694721237	-0.5579515544	0.4047011719	0.4363992522	-0.8721981793	0.2536
-0.2537756076	-0.2948288123	-0.6885455959	-0.4889632847	0.1388323671	-1.0478241493	1.5722
0.4207956581	-0.0624682462	0.0662853379	-0.0925474182	0.5352530448	2.1197331738	0.6154
-0.4133807201	0.1495664492	-0.3593232832	0.4540614682	-0.2309391826	-0.8805115066	0.3978
-0.7629398702	-0.351383145	-0.2896574293	0.3342546452	0.3929239479	-2.5456782832	0.1853
0.0317203532	-0.1007761927	0.2779758985	0.1502292049	-0.0725149087	-0.1266791921	1.5954
0.1702318352	0.1783541913	-0.2990697506	0.1808245683	-0.3138295736	0.2215750094	1.7463
0.2497076966	-0.1215635911	-0.1689053795	-0.5141063148	0.0442123973	-0.4561599929	1.8426
0.1956847106	0.2605963768	0.1382483731	0.1989265834	-0.6134877602	-0.6813001586	1.2221
-0.3516548768	-0.1912064812	0.1619181485	0.0518076604	0.2964909671	0.1685469546	1.8944
0.6572798198	-0.3979158143	-0.1890975202	0.7032634032	0.1856418985	0.8868906864	0.0411
0.5684123274	0.4451740403	0.0322273103	0.3425015861	-0.1925524947	0.8503037479	0.5314
-0.0276143467	0.1564604691	0.179649917	-0.272103673	0.0793920246	0.3201269135	1.7735
0.3811471281	0.132305966	0.454240412	-0.515202729	-0.0462589714	0.4846401641	0.1822
-0.0510987847	-0.0644332428	-0.4188162583	-0.0003414723	-0.6064123285	-1.0879805335	1.9722
-0.0769310849	-0.2161377972	-0.2732890004	0.1023483703	-0.0768884902	0.5182249511	0.9748
-0.2427720016	0.3150654416	0.265381444	0.6531350854	-0.1204137083	0.5856351541	1.173
0.472419488	0.1571407423	-0.0117170904	0.0294335589	0.5428916067	-0.5870725341	0.4154
-0.3204742394	-0.2783671705	0.027321071	0.3000268996	-0.1807295925	-1.6305356567	1.6665
-0.6552175298	0.0236627028	-0.2395873881	-0.4357551637	-0.140667308	-0.2773223293	0.651
-0.0287997616	0.0084095407	-0.0255259445	-0.0006600196	-0.0013332501	0.159378574	1.435
-0.0910646358	-0.7476686488	0.222522078	0.7180317413	0.0595801384	-0.8039426941	0.4993
0.0436850142	0.0705999097	0.0530156984	0.0309225451	0.0263728911	0.0060036351	0.8525
0.1805784275	0.6701136002	0.2137766187	-0.2918545148	-0.0823731005	-0.8535089179	1.9383
-0.348223093	0.0108458163	-0.3367349955	-0.4965890023	-0.2190098411	0.0271285499	0.4396
-0.2860192071	0.2638388733	0.3897662302	-0.1248523269	-0.2588131105	0.197771253	0.4707
-0.1645588945	-0.0885457723	-0.1850448788	-0.1810905364	-0.1205697514	-0.4130066677	1.8527
0.1625921158	-0.0482010362	0.0288541235	-0.2498753882	-0.4000173544	0.4138733705	1.6578
-0.0097092582	0.221608368	-0.1213958874	-0.6350523927	0.6297959087	-0.5515178748	0.3087
-0.0319697334	0.0119703784	0.0371044147	-0.1420938587	-0.0511406465	0.1670367632	1.8696
0.3246138503	-0.6056754663	0.1916836645	-0.1994328706	0.5033375151	-1.3918742099	1.0575
0.0508289569	-0.0005968636	0.3296587184	-0.0673296559	-0.2793291766	-0.3593921016	0.5135
-0.1800237342	0.0951044136	0.3232097806	0.0098358181	-0.0993619989	0.2108905971	1.8836
0.3465788532	0.2530932577	0.2626416272	0.2353144053	0.3177276784	1.1262925467	0.229
0.1181172299	0.1114852992	-0.1085051007	-0.0111067584	-0.1747840731	-0.2173238953	1.2532
0.0111067576	0.2196418444	-0.4481855974	-0.1178746596	-0.0124909992	0.4280723016	0.2081
-0.1908269343	-0.5976294433	0.8275447944	0.1368427603	0.0006488238	-0.0340429323	1.6392
-0.6282700533	-0.6474782184	-0.2683920211	-0.447608367	-0.0323406455	-4.460406164	0.7902
0.4111047958	0.3150865612	-0.1657232618	-0.334616962	-0.8668239871	-0.7499435682	0.7448
0.0197523613	0.2370903547	-0.0399106986	-0.4413260651	0.5751912451	-0.5459579338	0.511
-0.3115339102	0.535537478	0.7681100961	0.513026146	0.3125281255	1.4627521109	0.98
0.0937613515	0.0642996303	0.018838448	0.0570217789	-0.0388833602	0.426570751	0.4273
0.2959478214	-0.1152054672	0.1606482004	-0.4419936127	0.3939402415	0.5115608094	0.6304
-0.064289006	-0.0903125104	0.001699771	-0.0252869173	0.0225368384	-0.0921673079	0.9615
-0.1227486042	-0.3141303063	0.1647173211	-0.2588089616	-0.1548889243	-0.3434883858	1.1271
0.7426643694	-0.0616233704	-0.1523069637	-0.1018446426	-0.3392323676	0.1414170609	0.9835
0.042723771	-0.1370265704	0.1678623173	-0.3023428388	-0.2281453605	-0.0907213057	1.9994
-0.2876174783	0.0137757765	-0.4861057436	0.0409953571	-0.5411306479	-0.6004924852	1.6825
-0.0051190314	-0.0133178076	0.0212648293	-0.1452353483	0.2153519641	0.7055053899	0.5912
0.2501452354	0.0667557196	0.9788012345	0.7289990239	0.1490299795	-1.217780469	0.2379
0.1328919713	-0.0245316298	-0.0927900924	-0.1680573788	-0.4425410064	0.3090478109	1.9227
0.0371551452	0.5543259288	0.1903625957	0.8224325554	-0.0322824762	1.1054877147	1.0113
0.3116651654	-0.1182679259	-0.1380154893	-0.0437895623	0.203789332	-0.0536705259	0.8492
0.4358499334	0.1687346944	0.6758095265	0.2948565494	-0.1362091195	1.4261986977	1.0305
0.143411837	-0.0035388837	-0.0763454662	0.0017019271	-0.0230775152	0.4292652781	1.2164
0.0471961489	0.12768711	-0.0165262905	0.1625047525	0.0711934746	0.7716580211	0.4679
-0.0865342127	-0.1027722571	-0.1617047254	-0.4264290974	-0.0265859462	0.3249065969	1.3531
0.0475983169	0.3830244189	0.3049320143	0.0037391566	-0.2143718234	1.3785288103	0.1564
0.3110344795	0.5862772691	0.784341413	0.9525022163	-0.4214041922	1.1896648055	1.3823
-0.1882102661	-0.0488298492	-0.2341764334	-0.2718599658	0.3017905804	0.6260343891	1.7112
0.406977739	0.2526127888	0.1239588849	0.0255668651	-0.0604734382	-0.2270890428	1.0647
-0.2200057799	-0.4534755445	0.1880901995	-0.169490915	0.1856460465	-0.0853254859	1.0788
0.0371250833	-0.0036069705	-0.1090762589	-0.0431473375	0.1135177591	0.0918097381	1.3009
0.4356916345	0.1608762196	-0.0162139949	0.2405889839	0.3842175668	-0.2954572134	1.4791
0.1376011212	-0.0159920604	0.3332677599	-0.1105043507	0.1494276154	0.0814718463	0.9934
-0.2629103595	0.6998593458	-0.1403932275	-0.4874837884	-0.1581021024	1.2554930702	0.0966
0.2128902048	0.1271295256	0.3104948904	-0.3535980308	0.7532649499	-0.1224879472	0.4557
0.1609229226	0.009627456	0.0246710123	-0.2251143328	-0.0794220257	0.4945818043	1.439
0.6477052171	-0.3540980828	-0.0695476316	0.1833174542	0.4961291056	-3.1344792953	1.8141
0.6778633979	-0.4271210292	-0.1976745068	-0.053472358	0.1452450141	0.6162299529	1.4231
0.0858902572	-0.1986252461	0.0975319015	-0.0612838668	0.0226109073	-0.8503848729	1.5493
0.2813485816	-0.1096204177	0.461319963	-0.2672412362	-0.8486419822	-0.7941839185	0.7921
0.3464751943	0.0218609103	-0.4382658159	0.2292996059	-0.0470885811	-1.7621379486	0.9758
-1.0711997846	-0.838135669	-0.3236679256	-0.7016812463	-0.1108832481	-1.8499250655	0.0338
0.4337780498	0.2131671896	-0.1097385829	-0.1619917803	-0.0752195389	1.6646414795	1.0256
-0.3288306523	-0.0540299808	0.1440550629	-0.251506646	-0.2697692448	-1.2611695296	0.0081
-0.0937805841	0.02421427	0.100336104	-0.0958761968	-0.0818033231	0.2338721613	0.862
0.4396339162	-0.2483319404	0.4206819516	0.4528574431	0.2517545951	1.1916337856	1.4647
0.1783993463	-0.9945624819	-0.0121002816	-0.5046262233	0.8030092308	-0.402933215	0.9253
-0.2736415899	0.3614960719	0.0696635948	0.1688275214	0.3200208759	0.5244015777	0.2681
0.6488240311	-0.3572120338	-0.1894158975	-0.1810480361	0.4023450293	0.1543775289	1.846
-0.1333238259	0.1095956489	-0.0510884292	-0.1616244723	0.0521514025	-0.1478423003	0.1386
-0.1638962494	-0.0392547487	-0.2152471818	0.1412773423	-0.0555126291	-0.9972220828	0.9109
-0.4392482271	-0.4802950031	0.2158703341	-0.8458961268	-0.3045090259	-1.1769189305	0.6149
0.0825337089	-0.1071520209	-0.0821177414	-0.0750766535	0.3444656859	0.2980494787	1.6494
-0.3503959741	0.27577501	-0.4760547135	-0.1019252139	-0.2712885709	2.2110062375	0.8384
0.0618235263	-0.3485057834	0.0624905066	-0.0050286021	-0.0844226201	0.8279771304	0.9998
0.0125386742	0.0716118047	0.0218831259	-0.0317478796	-0.0131985712	-0.0552647283	0.4211
0.1257189213	0.7460969459	0.5644637172	0.2962672023	0.8215187107	2.4092093916	1.638
0.0868124275	-0.2560796589	-0.5735580804	0.2034433838	-0.170574864	-1.2202741994	0.3499
0.0096717228	-0.1734342114	-0.148883889	0.1006483093	-0.1763533536	-0.0540496201	1.3491
-0.1853723144	0.4280364648	0.2424311086	0.0254414466	0.4648312527	0.5037975032	1.8864
-0.0207757994	0.1990705057	0.1593246279	-0.1138995554	0.0868152368	0.6253083375	0.5734
0.1192898983	0.2010820158	-0.2734804208	-0.1031906477	-0.0766034043	0.3877690965	1.0007
0.0338538444	0.1527483648	-0.0157997561	-0.2458633952	-0.1617251536	0.0356707915	1.4575
-0.1117301684	-0.0599533361	-0.003468782	-0.0214228981	0.0717303905	0.2640221577	1.1218
0.2031996787	-0.0988031825	0.1744073655	0.4332519823	-0.0605458801	-0.8621830151	1.4043
-0.0761289724	0.1463685673	-0.6953770193	-0.0295416313	-0.8958482777	1.3670093121	1.2508
-0.0581542646	-0.2322504031	0.4530133695	0.6344414252	0.1776202148	-1.5540690099	0.5995
0.0299360874	-0.5759204221	0.2423727828	0.0200335963	-0.2624328619	-1.4754340514	0.178
-0.1954627731	-0.1323064659	0.6023179788	0.079284701	0.6013046985	0.8240982185	1.2778
-0.6091104196	-0.113556208	0.9141162347	-0.4558380641	0.3940922673	0.1351333563	0.3437
-0.1846926474	-0.5291755422	-0.0042282031	-0.0865140771	-0.0718857028	-0.1269982433	0.7448
0.3182804812	0.3892286783	-0.1133188578	0.335147823	0.140067038	0.2488117486	0.7582
0.1413783226	0.0777270747	-0.2126890656	-0.0263023914	0.1000738309	-0.1153177699	1.3331
-0.8109460585	-0.4000399845	-0.2323136264	-0.2397365446	0.0086108183	-1.2685121055	1.6648
0.049747414	-0.1412039197	-0.2549136859	0.111111616	-0.4035689455	-1.0841781657	1.7485
-0.3327030709	-0.3100360499	0.490866137	-0.2590211979	-0.5773718451	-0.5121675707	0.3385
-0.3810883014	-0.0299483977	-0.8475251887	-0.5552922071	0.3358473354	-1.3402003284	1.3571
0.0327149829	0.1958670945	0.3558338177	-0.0398170318	0.1045175069	0.1839702414	0.9427
-0.0410238378	-0.1095773141	0.0127913875	0.0857434802	-0.1851569994	-0.2552267208	0.5834
0.0739804991	-0.0239189223	-0.0910383882	0.1033446668	-0.1679959705	0.1747445079	0.7302
0.0914126701	0.0664439032	0.0619813891	-0.0058788325	-0.0653127172	0.1523716886	0.6529
-0.2016114433	-0.537639157	-0.2474162517	-0.1261415797	0.0994866055	-0.0115585504	0.5043
0.1115289368	0.0712591694	-0.1064514175	0.4341044648	0.3243075587	0.7354792844	0.6004
-0.5444126671	0.6245756299	0.4954753764	1.0312313259	0.1150591827	-0.9372650692	0.0247
0.0535999774	-0.0862331054	0.0221116227	-0.0165361744	-0.0255544952	-0.0825285116	1.188
-0.0116841431	0.0136548339	-0.0595011568	0.0944715952	0.0322577231	-0.0314137602	1.944
0.0278839776	-0.2172921242	0.1270696497	0.0250653286	-0.2751058173	-0.2760539525	1.4509
-0.3592667588	-0.2441169668	0.8559575986	0.7220084844	0.6259724133	0.4195730817	0.084
0.0069521825	0.0927774486	0.3511584346	0.6671478496	0.3478755735	0.5521669275	0.8306
-0.5310817468	0.2864658706	-0.0506439868	0.4735781329	0.1787289881	0.6209133812	0.9401
0.0521888572	0.0945160203	0.2795775115	-0.1115529608	0.0847346898	-1.0049329385	1.0591
0.0999686593	-0.0064653138	-0.0932499326	-0.0644903692	-0.2483001791	0.1755486052	0.2575
-0.1201327331	0.1622170696	-0.115606476	-0.4541069058	0.1863522793	1.175795443	0.9144
-0.8232417319	-0.1870710163	-0.3963319293	-0.5453309667	-0.9533055235	-0.9837251841	1.0539
-0.1073771512	-0.047036528	0.01785322	-0.0498507875	0.1050667287	-0.1346465284	1.3337
-0.4702118417	0.3291609415	0.3555636673	-0.2129321696	0.0991305643	0.7715981392	0.1784
0.0924330081	-0.011552429	-0.08923706	-0.0510648459	-0.0386201428	0.2007642135	1.3283
-0.0304085565	0.056037279	0.2285644118	0.1586093074	0.0112616895	0.0021762665	1.3238
-2.51318305304678E-05	-0.0494960975	0.1052209633	0.0471362078	-0.0941636649	0.0035637361	1.0525
0.4743722428	0.0353166598	-0.0388777534	-0.4416137312	-0.208501236	0.2045852132	1.2429
0.0461632242	-0.1511373225	0.0869011047	0.027437983	-0.0533037663	-0.2814026133	1.0745
-0.8451272136	0.4555547384	-0.1165396248	0.0515422429	-0.4494547213	1.1649833544	0.4899
-0.9473827706	0.0976586599	-0.1822447478	3.38130593938801E-05	0.1949937084	1.8785369551	0.93
-0.2647377354	-0.1175169181	-0.3086958839	-0.1078047971	0.0272845936	-0.4294713072	1.2645
-0.0256650024	-0.169189526	0.14879369	-0.0914474502	0.2399498415	-0.4135098607	1.9275
-0.049658953	-0.3311652195	0.1567723095	-0.3664356727	-0.0032910514	-0.8611835981	0.4996
0.103118142	0.6221365921	-0.062190455	0.5314495761	0.2102758199	1.5009789663	0.7595
-0.0345333928	-0.0452769761	-0.006268049	0.0954903695	0.1226281249	0.1169325868	0.9102
0.352910564	0.1511632023	0.3466300391	0.1221014338	0.195292596	1.6705433741	1.6639
0.6187138886	-0.1032014564	0.7491846084	0.4825318674	0.0645054979	-0.1733499669	1.427
0.3578154911	0.7530392199	0.2141270079	0.2534319371	-0.1300668366	2.8252592399	1.2346
-0.0936814244	0.2482582513	-0.2288791981	-0.4252454881	0.073272031	0.1629121794	1.991
-0.3580056905	0.0296255186	-0.2257508258	-0.1169594185	-0.3687068516	-0.187498156	0.9086
0.021231804	0.4372840812	1.0832932298	0.6280702704	-0.1332383807	1.3994951614	1.1174
-0.0864426066	-0.8700310324	-0.2757992781	-0.5228852781	-0.6195069984	-1.8998950188	1.0071
-0.1906002963	-0.1052075341	-0.032161981	0.0715409815	-0.0062181556	-0.7262298143	1.7963
-0.0762884455	0.0058188258	-0.3286484409	-0.3503284083	0.0589182631	-0.2556599731	0.8797
0.0242328151	-0.1519864156	0.3250682171	0.0912490882	0.0796625172	-0.5720843231	1.6796
0.486662087	0.0677697198	0.0569956733	-0.4979743067	-1.0900381782	0.878685507	0.5842
0.4024823108	0.5237012562	-0.1753257816	-0.2902547298	-0.3578502192	1.2960843379	0.8606
0.093941234	-0.2522836065	-0.4322248541	0.0402068856	0.7256083384	0.6946568793	1.9469
-0.121115894	-0.0265889285	0.0697624907	-0.0312982715	-0.123645707	-0.0392797941	1.1616
-0.1215020189	0.0736468016	-0.1853193369	-0.1035081358	0.3332168305	1.6455955967	0.1058
-0.0028941603	-0.1243407747	0.2089881424	-0.3507246642	-0.2140119381	0.8472500101	0.7076
-0.5780493146	-0.3077102405	-0.1167550353	-0.2615932433	-0.3882580663	-0.7877941749	0.4858
-1.1473892229	-0.8706938457	-0.0360000005	-0.3862882785	-0.5181629489	-0.1285672269	0.9942
0.2724727449	0.4755780468	-0.1680865249	0.1327642583	-0.2298664612	1.7271530637	0.1539
0.5938929501	-0.1437086683	-0.5596260302	0.0097343667	-0.0676540219	1.5499035813	1.9055
-0.289959313	0.238348973	0.5643489177	0.6263298415	0.0160413162	-1.750548507	1.2709
0.0078130934	-0.4265009658	0.2841685435	-0.0083080482	0.0018145291	-1.0277462987	1.9977
-0.1523654143	-0.3715818633	0.4357557723	0.244842361	0.854213939	-0.1711900423	0.4793
-0.1849347181	0.0533213723	0.2571922899	-0.0476102165	0.7745189131	0.4328374534	0.4494
0.4022848782	-0.0711030932	0.0299526786	0.0100923107	0.2976874118	-0.0450216536	0.3852
-0.0071472099	-0.2837799694	0.0946640335	-0.0539373576	0.0869786837	-0.495333976	1.3577
0.15477958	-0.1818780006	-0.0628279574	0.3832299751	-0.0411363765	-0.7239840164	0.107
-0.0995331579	0.0336825351	-0.0741254662	0.1031058432	-0.0659695598	0.0955459104	0.0128
-0.235897219	-0.4557534885	-0.1306987484	-0.315209991	0.1694399125	-1.4900755329	0.3055
0.344610794	-0.0066675604	0.2538676123	0.3894248173	-0.4119720525	0.287516445	0.3851
0.4228804656	-0.0785938612	0.3148983691	0.0218076669	0.0259437959	-0.4251370618	0.909
0.0996210192	-0.1544014634	0.1297273847	-0.6977254259	-0.1485215389	-0.1140237436	0.7378
0.1022905909	0.0815019961	0.2261397835	0.2075827813	0.3769405506	0.5072852669	0.2603
0.0047034093	0.0559897666	0.0372584025	0.1645615851	0.0087756134	-0.32808741	1.8704
-0.589899748	-0.0981434275	-0.0248155749	-0.2911184992	0.3354225721	-1.014855795	1.278
-0.008262843	0.0926270259	0.0401146965	0.0277488287	0.0889729464	0.3136564418	1.6844
1.0695548196	0.3855551204	0.6576286806	0.168377226	1.1620003261	0.4729637473	0.2797
-0.3716270483	-0.1256670129	-0.0636028082	0.1521411613	-0.2636905952	-1.1051760331	0.8131
-0.0003751909	-0.394952887	-0.4145436255	0.0450008054	-0.3064977728	0.5166682349	1.6258
-0.1599454614	0.1311162357	0.6887464488	0.2387454899	0.1873182759	0.9313583507	1.3086
0.1545370086	-0.0174571357	0.0439679077	0.3362812928	0.0398178561	0.5100852423	0.4677
0.0140755406	-0.0707782138	-0.0836857627	-0.2349539984	-0.22953261	-0.2235039088	1.3066
-0.5200500419	0.0799116905	-0.0138964143	0.2295585881	-0.1445342894	-2.1939762007	0.5916
-0.143099841	0.2194938922	-0.4225567153	-0.0499414891	0.828744415	0.6624292762	0.47
-0.0311752026	-0.0233803184	-0.0002798555	-0.1408740269	0.0298598288	0.0490564567	1.5532
0.6114250524	-0.2902284046	0.3332415924	-0.0100017292	-0.2234301036	2.0461885456	0.7185
-0.1491540598	-0.2510916101	0.4089182892	-0.4742772006	-0.2733891195	-0.5488200361	1.8388
0.2738034093	0.4838065522	-0.5013118645	0.1431887926	0.0972165047	1.0569537439	1.5087
0.4320662498	0.2439976955	-0.7604089486	-0.4266943941	-0.4517137781	1.162406143	0.2603
-0.3543442833	0.0937856051	0.2514350521	0.2748451537	-0.1602577032	-0.9250183186	1.1113
0.1589807956	-0.0045108424	-0.2241538285	0.1440551426	0.0547050899	-0.5236877886	1.573
-0.3065101574	0.1130412014	0.1583724189	0.4666752971	0.1443027473	1.0739119707	1.5459
0.0904842365	-0.1532799057	0.0229914166	0.2105312581	-0.0409526545	-0.1150334408	1.9873
-0.0879503321	0.3979610867	0.7571156571	-0.030780161	0.3245965202	0.3056736689	0.7261
-0.0164621708	0.5476149156	0.4662648406	0.2870995823	0.1432296218	0.3267713035	0.6662
0.5061319721	0.2706655312	0.1389477805	-0.127684604	0.1813103329	1.2376996049	0.8051
-0.1783124162	0.2098002707	-0.0587468265	0.0990339605	0.2108697386	0.0332821301	1.4036
-0.3182850562	0.7027078278	-0.4403702004	0.134107746	-0.2036985745	2.0965204389	1.8115
0.1063411219	0.3498997065	-0.6456993548	0.1059185354	0.1447168601	0.7911185434	1.868
-1.1177974731	-0.4121620707	-0.0444058669	-0.6057939651	0.076047468	-0.8944287384	1.465
0.127686985	-0.1973023523	-0.0224397971	0.2121750571	0.1078233964	0.0770039492	1.0841
0.479203196	0.0192830281	0.1447186726	0.3183928467	0.0521167103	1.0538771911	0.8316
-0.010057242	0.0471065578	0.0063462303	0.0751946227	-0.2125277359	0.4972403388	0.7179
-0.2208382696	0.0947025166	-0.1660976762	0.2796729674	0.7581827246	2.6931237158	1.9764
0.239198311	-0.085151488	-0.5898229874	0.0739285554	0.1105660557	-0.4534235463	1.0337
-0.0518918	0.0864543776	-0.0362542168	0.2111139666	-0.0623423099	0.8081621053	1.8369
-0.2471901137	0.0821741207	-0.4174770452	-0.2639992263	-0.4412305689	0.9540039976	1.4036
-0.2876488329	-0.1130131718	0.2501172716	-0.0084007455	-0.0512606248	-0.3077929374	1.2166
-0.2694187486	0.1871536317	0.0684385739	-0.2699843134	0.0886115738	0.4154519112	0.2453
-0.0091423761	0.0612602013	-0.2527672566	0.3076972994	-0.1787989558	-0.1843517884	0.6518
-0.0054759588	-0.0925040743	0.2464501877	-0.0736950302	0.0325534986	0.4401133122	0.6377
0.1517623515	-0.1517932898	-0.3204243554	-0.5088246443	-0.1523924132	-1.3197052419	1.0479
0.041922182	0.1307662406	-0.5010811797	0.0823590681	-0.4197604958	0.2023803832	1.058
-0.0046432924	-0.1574004443	-0.1277489496	-0.1242530665	-0.0228603577	-0.8017927962	0.7017
0.361314534	0.074263002	0.3944561013	-0.0001966377	-0.2244852078	0.5560512147	0.508
0.5605006811	0.5228437749	0.4523342226	0.1183680826	-0.2297081869	0.9109208017	0.523
-0.047810675	0.1088474722	0.0522236249	0.120062576	0.1630769549	0.4866457242	1.3992
0.2682759756	0.3937075542	0.5916156839	0.359208416	0.0745633299	1.4839207572	0.5359
-0.4781116103	0.0792541083	-0.0333283427	-0.3832083382	-0.0382687266	-0.2098470164	1.6999
-0.6005027049	-0.2018482867	-0.6522905726	-0.5131525203	-0.5814000093	-1.0709886988	0.7267
-0.2663041915	-0.7956474729	-0.5588764496	0.3353354298	0.0441885376	-0.333463303	0.3039
-0.4651870809	0.0365796132	-0.4404589686	0.4058812234	0.0304458439	1.1124205918	0.8535
0.1424390989	-0.2341382264	0.1163297081	-0.038994485	-0.0964955501	-0.3953793817	1.4903
-0.0548598883	-0.2840099921	-0.499160125	-0.1374968739	-0.5024497023	-2.0844048515	0.7771
-0.0230537248	0.0008971016	-0.0846497178	-0.0165982699	-0.0702138175	-0.0350807422	1.1228
0.3129300254	-0.6245701406	-0.317828414	-0.155047198	-0.3369910379	-1.5120141105	1.5897
-0.3578035392	0.108535937	0.0934786631	0.1599674613	0.5978978305	1.4175748877	0.5312
-0.3567168168	-0.4123197686	-0.5552829292	0.566527654	0.1154722934	-1.4949398807	0.0847
0.1593462805	0.2139670199	-0.1558259592	0.7133447562	-0.1152843461	-1.956220894	0.2713
-0.1624548385	-0.5875247148	-0.1359364856	-1.1527873061	-0.3674647212	-1.8032414866	1.0594
0.1618061629	-0.9045654263	-0.3106564749	-0.9129487872	-0.2689434104	-0.8187473909	0.4205
0.1775910448	-0.465166843	0.3353677259	-0.0926842405	0.4281433291	-0.5045089297	0.7932
0.2298410365	0.573673108	-0.1261008602	-0.1485492936	-0.1753156835	-0.0713584877	1.2911
1.1788226447	-0.1443484533	-0.2560103215	0.7321223261	0.2108976923	2.1496028529	0.2664
0.0186870048	0.0233601895	0.001047591	-0.0119577595	0.0704190737	-0.1918367543	0.6454
0.2837545969	0.1469012725	0.2293575134	-0.5758238749	0.267754609	0.9350237653	0.0926
-0.041871772	-0.0534566338	-0.105904438	0.0361030312	0.0671522664	-0.198544162	1.3924
0.3410697941	-0.357918357	0.353444616	-0.0670008189	-0.3156756852	-0.3980477764	0.2189
-0.376383434	-0.1458762461	-0.17630963	-0.3544246227	-0.2714275313	-0.3704880694	0.8661
-0.0630753525	0.0095851045	0.0525235306	-0.0114340585	0.0388431422	0.0928466308	0.6435
0.1015378053	0.124224962	-0.0855885005	0.0422433297	0.0861260739	0.2106421156	0.0785
0.0496631658	-0.1759910424	0.0450137904	0.0855501336	0.0192164208	-0.3565235464	0.841
-0.0930529283	-0.7915816454	-0.0538726458	-0.0534210264	-0.0362440014	-2.0062938279	1.4719
-0.0891375559	-0.001723779	0.0681044531	-0.0112535259	0.3072764377	0.3776046799	0.1918
-0.1441128002	-0.0906193783	0.177692149	-0.0463540294	0.1193186614	-0.6036229053	1.2978
-0.3443516347	-0.1621817433	0.2235916333	0.1981612334	0.6211632299	0.2633826934	1.7042
-0.0556990155	0.0108594119	0.2312020271	0.4867334027	0.467019985	0.1097138289	1.3057
-0.2384756825	0.2067093745	0.2797707138	0.0489786438	0.1622906128	0.9288517439	1.2704
0.0316853106	0.007215326	0.1001593341	0.0820105125	0.1013774976	-0.0278336004	1.4524
0.106829631	0.031728239	-0.0669412964	0.3333771064	-0.0734895997	-0.57860602	0.1774
-0.1432980517	0.0461856305	-0.2212113164	0.8609033015	-0.67826109	0.5061002917	1.7524
-0.2345480486	-0.3298660105	-0.2614012957	-0.5129126577	-0.9600457188	-2.304248269	1.2978
0.3649632044	-0.1340849776	0.2620093918	-0.1637168291	0.0335178873	0.9622786361	0.6675
0.0718270399	0.2127035904	-0.0585430319	0.1816840105	-0.0890732365	0.8424709724	1.9691
-0.0212617854	-0.0297967799	0.0078911724	0.0222667482	-0.0566184469	0.161652152	0.4513
0.3960009019	-0.2844810351	-0.1157277443	-0.0685668997	-0.0580011725	-1.1182156827	1.6562
0.3942481604	-0.0704636921	0.5749242647	0.0208267535	0.4342322477	-1.0729928443	1.6439
-0.3345502041	-0.0235463155	0.1689614311	0.0936187506	0.1069765499	0.7163901238	1.667
-0.5830236355	-0.9535155986	0.3337196444	-0.3457763048	0.1529433904	-1.3246886835	1.4103
-0.0521859556	-0.0240571087	0.0032798609	0.0496607949	-0.0175848155	-0.9717565394	1.2388
0.0994365058	0.1418274283	0.2936589009	-0.0255213646	0.2122421017	0.4855060346	0.0624
0.1405830066	-0.7834359647	-0.0352963496	-0.6529903488	-0.1486923361	-1.5340703793	0.1862
-0.0761516892	0.1848728903	-0.3154860588	-0.2678832798	-0.485020862	-0.4882497179	0.1297
0.0026215628	-0.2195889862	0.1403101309	-0.2817168845	0.0560984451	-1.4951068268	1.4083
-0.2344225368	-0.4654851937	-0.4730842318	-0.2210661991	-0.5662806527	-1.7054750307	0.1311
0.0353227325	-0.1246061041	-0.1486503471	0.0466349774	-0.2987502514	0.289535005	0.5815
-0.3135144644	0.0526939118	-0.4128976653	-0.3760189339	0.3498337571	0.9951809749	1.6892
0.3333133184	0.033301275	0.3222318707	0.7228136216	0.6719939192	0.4345014961	1.1117
0.4733628459	-0.2856060885	-0.0585471375	-0.033706408	-0.3918589227	-0.6951714055	1.7645
-0.0668025103	0.1369696874	-0.1731005524	0.1592936725	0.0083691236	0.6003873904	1.109
0.0966179383	0.0379174822	-0.0064923196	-0.01199575	0.0210109731	-0.1918825016	1.4821
0.4005377682	0.3682508921	0.2504947336	0.2728800374	0.1858882013	0.4291388303	0.74
-0.0774195964	0.1565127398	-0.6628766611	-0.3994155807	0.3679349851	1.2257023638	1.8662
-0.0208917672	-0.2075817537	0.0986145491	0.0226661021	-0.0798615417	-0.2387832745	1.2843
-0.1211899903	0.5551854564	-0.1823215804	0.4467344289	-0.0544692884	0.6309780213	1.569
-0.0392253971	0.0146848862	0.0072304603	0.0114909635	-0.0019123215	0.0988136523	0.9338
-0.2207505051	-0.1124167733	-0.3693030968	0.1786296387	-0.0641521662	0.7394326832	1.8171
0.1773830503	0.8743587236	-0.3742090633	0.3741322574	0.0865701859	1.4922288654	0.8107
-0.019697475	-0.1464960939	-0.0537707082	-0.6835740907	-0.2593455652	-0.1076170923	1.6868
-0.2207746977	0.313456803	0.6349752762	0.0558005563	-0.0077613651	0.4468674345	0.088
-0.0555966131	-0.0720136064	-0.0879181329	-0.0666533273	-0.1247344765	-0.0494298914	0.0724
0.2004067457	-0.0727770186	0.0771250916	0.0725512945	-0.1816166054	-0.8666301144	1.5004
-0.2066411597	-0.0202749126	0.1004579062	-0.3373284523	-0.0964906659	0.2816095317	1.7017
0.4596832939	-0.0412762684	-0.0198735306	-0.4239376716	0.2643014832	-1.490420644	0.259
0.010661301	-0.0584933233	0.2165078254	0.0621877956	-0.096648672	-0.9423920192	0.7306
0.2227372784	-0.25341385	-0.0494034129	-0.0970735284	-0.2089315888	-0.7025536929	0.0585
-0.0368777185	-0.3694365448	0.1208349707	0.1751632778	0.1118402347	0.0576207764	0.8387
0.0427782719	-0.1142994523	-0.0522183193	-0.0163842907	-0.0835429465	0.5523803673	1.8088
-0.5285280004	-0.3261318142	-0.4376283119	-0.3997572649	-0.4874086395	-2.1172847766	1.9047
-0.0878905966	0.2332674268	-0.2355440768	0.3759126156	0.2420528483	0.2816483835	1.9747
-0.0982658628	-0.2224015737	-0.106213143	0.1615558823	-0.6471565528	-0.2925210119	0.2168
-0.0569612481	-0.0243777299	-0.2460684109	-0.0766824644	0.1778672736	1.0112530838	1.1011
0.3813839737	0.1903093041	0.3554827711	0.8070593891	0.4455825414	-0.0637343095	0.0133
0.1114976515	-0.0198571594	-0.2247076849	-0.1474367943	0.2941679001	0.8464699037	1.3074
0.2649108276	0.3478554933	0.518629271	0.2035483258	-0.142464742	1.2025169552	0.0924
0.4475333632	-0.5958674531	0.2567076954	0.1833983801	-0.2457124523	-0.2682203178	0.427
0.0231660459	-0.0845092692	0.8944330343	0.4395272686	0.1260455383	0.5654282063	0.7944
0.1185667509	0.0781621321	0.218930288	-0.0156149834	0.1999352891	-0.0414835532	1.7324
0.1215021424	0.1927202575	0.0498888461	0.1136097263	0.0790167983	0.5113523765	0.7968
-0.1190970515	-0.0557190671	0.1859159368	0.2299850877	0.0792308264	0.4737071786	0.3814
-0.0635094663	-0.5388505087	-0.1226192385	-0.197770578	-0.1283729534	-1.4753651714	0.1531
-0.4642835423	0.3497392478	-0.0805422319	0.2239430925	0.132984559	0.1467476438	1.9193
-0.4755801214	-0.1374153943	0.0291809406	0.5267505099	0.234497035	-0.8485413934	0.9385
-0.1131058819	-0.3742611903	-0.5432279818	0.617316226	0.0277480398	-1.5869487978	0.0083
-0.4074101777	0.1985631975	0.0970326137	0.1244268904	0.0860817078	0.3184606595	1.9094
-0.4449961287	-0.2896384527	0.1479065966	-0.0589445413	-0.0365459233	0.2924507111	1.4413
-0.5015266405	0.9043626232	0.2759054494	0.0464119745	-0.0945750574	-1.5486379545	0.4784
0.4065336845	0.2173536684	0.1882113049	0.1925062468	-0.0031088469	1.3851709093	1.0094
0.0994617735	0.0858564281	0.0364011537	0.1230768692	0.0298600913	0.1066891068	0.5587
-0.1420846966	-0.2688178257	-0.2276571786	0.355559577	0.4277273857	1.6304182863	1.8292
-0.1088759948	0.1027795868	-0.0611789626	0.4111401543	-0.037579708	-1.7816618807	0.6118
-0.0068975805	-0.0790539622	0.0085395128	-0.0372649061	-0.1618427754	-0.8919843153	1.4356
-0.3829920327	-0.302734074	0.6726209264	0.023806356	-0.0024967695	-0.1868948755	0.6213
-0.234855262	0.1392996649	0.1287438459	-0.151346626	-0.1771220056	-0.6929965584	0.3817
0.5431855878	-0.2246694446	0.2414659256	-0.1134827471	-0.5325625927	-0.6159177674	0.4377
0.0276036231	0.0344176088	0.0691311646	0.0445989623	0.0794602792	0.1313265137	0.5915
-0.2963557835	-0.4075090309	0.8018311693	-0.4300792606	0.4039041851	1.3294813159	1.1693
0.0020216469	-0.0107373705	-0.6238828449	0.2684114657	0.0498607237	-0.8405194803	0.1701
0.2875089105	0.2896385776	0.2909283129	0.0691404866	0.2685313756	0.854794211	1.4072
-0.2600713141	0.1289081649	0.1734569228	0.4358295292	0.2703044882	1.3565252926	1.5789
0.0899711717	-0.1909032941	0.0126388783	-0.1854672014	-0.0060621057	-0.1392358184	1.7859
-0.1347070212	-0.1079747224	-0.3217638167	-0.2143130766	0.1612077087	0.0486199615	1.8576
-0.3653204608	0.2284545343	0.2315628036	-0.2319109479	-1.103263494	-0.9763607582	1.3317
0.150776113	0.3355014218	0.1653510124	0.4318771527	-1.254328742	-0.4210769896	1.5914
-0.6335290315	0.0535581812	-0.3935282623	-0.1295992353	0.0417027859	1.5372582516	1.2349
-0.3913995186	-0.4697421696	0.9328254442	0.8732446826	0.852020655	-0.6365911894	0.1202
0.0148287535	-0.0736539942	0.361503064	0.1110348536	0.2029328964	0.3768248432	0.1576
0.263034697	0.1004982436	0.1197578676	0.2556073046	0.5496452905	1.5631048476	0.5158
-0.0933516294	0.0656925528	0.12807837	-0.2766103677	-0.0905617289	-0.0597619538	0.1465
-0.8792497509	-0.1848795785	-0.2022936777	-0.3418314915	-0.3779553165	-0.6509315842	1.5635
-0.239382154	-0.4975381579	-0.1450103901	0.7117890721	-0.7293620928	-1.1152371613	0.2364
-0.0485264822	0.2681441193	-0.1050774605	0.0751577685	-0.0160898853	0.359058676	1.0661
-0.3859337021	-0.2945397068	0.1126528317	0.491945502	0.1632850313	-0.9078375571	1.6623
-0.8457701537	-0.3776406148	-0.3519479893	0.3360638454	0.2165119888	0.7738907746	0.1695
0.5584306257	0.3826721253	-0.1516449859	-0.5145619677	-0.3532681301	-0.4891781891	1.7215
-0.0423175166	0.0735166081	0.317887177	-0.2311231927	0.1046606073	0.4013055141	1.4301
-0.438562805	0.5993340543	-0.7678920951	0.2157839085	0.4515306755	1.4811272505	1.9027
-0.0473557159	0.1947897917	0.0569965543	0.5401595557	-0.3805176029	0.5729589364	1.1093
-0.4016476619	-0.0965270969	-0.2146600289	-0.03199437	-0.2879693794	-1.0592358867	0.1373
-0.0212824272	0.0003287186	-0.0917839157	-0.0313318356	-0.0364920438	0.2236386058	1.4285
0.1205851196	-0.0191335688	-0.0601448533	0.0898025763	0.1096061668	-0.4427103277	1.2524
0.2518931083	-0.1192989783	-0.175190786	0.2568598683	0.3626507803	1.2875215933	0.5372
-0.1043206143	-0.0658926195	0.0662125864	-0.7252213316	-0.1584708249	-0.540046364	1.3717
-0.1793619764	-0.5202932461	0.0780275142	0.3353340358	-0.2631294214	-0.5282977622	1.3214
-0.0427704353	0.0292892646	-0.0594697068	-0.1072156101	-0.0554529521	0.0220713254	1.5293
0.0166754599	0.2660521219	0.0433906435	0.2880091235	-0.0978573216	0.4999658574	1.0537
-0.0944320418	-0.1893834064	0.4723221739	0.2019194	0.2228100726	-0.150163183	0.5973
0.0524402076	-0.3543365243	-0.1106767499	0.1922776321	0.472834051	1.1830700624	0.5765
-0.0069828331	-0.0273891208	-0.0297794371	-0.0196556776	0.0360451584	0.1458525843	1.3295
0.3921971869	-0.0472981011	0.2771330573	0.3431576124	0.193053982	-0.013389632	1.7774
0.4736526703	-0.3440430102	-0.305756824	-0.5694169022	-0.7407769119	-1.0967990429	0.0779
-0.2912652971	0.0209556475	-0.1514938943	0.0934819299	-0.1870221171	-0.1478781896	0.8286
-0.189208476	-0.1847637632	-0.3638850533	0.0341235598	-0.1297220881	-0.8161115263	0.7736
-0.1703957964	0.1712534233	0.2496928756	0.0623507307	0.0099039549	-0.0423746473	1.0079
0.0799007979	-0.0230569867	0.1550220268	0.0071819863	0.1158342742	-0.2565766384	0.8087
-0.5065996468	-0.4023057424	-0.2289231816	-0.1266315239	-0.0051558427	0.1246365912	0.4672
-0.0091214484	0.393251366	1.6175039351	-0.0388550299	0.5230451368	0.5776308105	0.9275
-0.563815307	0.5806054027	-0.5866313482	0.4115118593	0.2142822413	0.8944402603	0.6149
-0.0622491537	-0.2962999544	-0.0419158532	0.3064439537	-0.3860329776	-0.3345300808	1.0449
0.1036931979	-0.2042187938	0.1343800491	0.0935069949	-0.0955647261	-0.4751949821	0.4905
-0.3155658682	-0.0920250757	-0.1411086521	0.1489228538	0.6163120413	-1.1018083846	1.8553
